{"x":871.5765334108205,"y":340.75341182958726,"vx":-0.4480092639628197,"vy":-0.014835872152696095,"goals":{"home":0,"away":0},"ball":{"x":1048.210994446822,"y":436.7315844975359,"vx":-0.08125061737770156,"vy":0.024073063959256544},"t":1773945020676,"pid":"a847f3a6-5496-43aa-acc3-329b9c7dd910","slot":0,"seq":3719,"echo":1773945020676}