{"x":1004.7179511502651,"y":445.7755383467346,"vx":0,"vy":0,"goals":{"home":0,"away":0},"ball":{"x":1095.9700127985877,"y":422.58146651944924,"vx":-0.5652415965845833,"vy":0.1674706816531798},"t":1773945026709,"pid":"a847f3a6-5496-43aa-acc3-329b9c7dd910","slot":0,"seq":4081,"echo":1773945026709}