{"x":1029.9486535327674,"y":436.3344490105597,"vx":0,"vy":0,"goals":{"home":0,"away":0},"ball":{"x":1093.9095533720445,"y":420.43327351951143,"vx":-0.5538439592208968,"vy":0.19314176847026493},"t":1773945000476,"pid":"a847f3a6-5496-43aa-acc3-329b9c7dd910","slot":0,"seq":2507,"echo":1773945000476}