{"x":868.8886427631735,"y":380.30589480168794,"vx":-0.029515213848539185,"vy":-0.06780523433465714,"goals":{"home":0,"away":0},"ball":{"x":1008.5255898572027,"y":334.57696453118155,"vx":-1.7119132599782512,"vy":1.7500509841651557},"t":1773944962877,"pid":"a847f3a6-5496-43aa-acc3-329b9c7dd910","slot":0,"seq":251,"echo":1773944962877}