{"x":411.85581117706073,"y":364.93921859548334,"vx":-0.00218177797544159,"vy":-0.037773070357749274,"goals":{"home":0,"away":0},"ball":{"x":1040.9027773268613,"y":438.89687485267393,"vx":-0.007430242428603697,"vy":0.0022014442103875896},"t":1773945024640,"pid":"a847f3a6-5496-43aa-acc3-329b9c7dd910","slot":0,"seq":3957,"echo":1773945024640}