{"x":912.4530719001215,"y":468.9307975938096,"vx":0.242640352330277,"vy":0.5801291312890526,"goals":{"home":0,"away":0},"ball":{"x":1025.0439805886763,"y":381.27641736480814,"vx":-0.5844763904018427,"vy":0.22136458316883556},"t":1773944988158,"pid":"a847f3a6-5496-43aa-acc3-329b9c7dd910","slot":0,"seq":1768,"echo":1773944988158}