{"x":800.5065240506361,"y":435.4715302586863,"vx":2.042517544467926,"vy":0,"goals":{"home":0,"away":0},"ball":{"x":1067.580912837834,"y":430.992633836462,"vx":-0.2769063587010563,"vy":0.08204226255596156},"t":1773945018641,"pid":"a847f3a6-5496-43aa-acc3-329b9c7dd910","slot":0,"seq":3597,"echo":1773945018641}