{"x":1123.715345442365,"y":326.70163559149154,"vx":7.980407332305989,"vy":-12.265302605007282,"goals":{"home":0,"away":0},"ball":{"x":1149.2245188676843,"y":306.40145423598915,"vx":-8.80949202535197,"vy":-8.789169436364844},"t":1773944986075,"pid":"a847f3a6-5496-43aa-acc3-329b9c7dd910","slot":0,"seq":1643,"echo":1773944986075}