{"x":1137.9119843838237,"y":213.1051583935581,"vx":-4.686359897509155,"vy":-6.566041665005243,"goals":{"home":0,"away":0},"ball":{"x":1082.1262358025344,"y":397.59530168338637,"vx":-0.4240293325328917,"vy":0.06525922392898313},"t":1773944990076,"pid":"a847f3a6-5496-43aa-acc3-329b9c7dd910","slot":0,"seq":1883,"echo":1773944990076}