{"x":900.952021697835,"y":394.7490335432466,"vx":0,"vy":0,"goals":{"home":0,"away":0},"ball":{"x":1104.3825577888874,"y":418.09652695596253,"vx":-0.48174381094935687,"vy":0.41559912766511364},"t":1773944964946,"pid":"a847f3a6-5496-43aa-acc3-329b9c7dd910","slot":0,"seq":375,"echo":1773944964946}