{"x":666.3218130193607,"y":303.36542458013236,"vx":1.5131449980292009,"vy":-0.9430446655779907,"goals":{"home":0,"away":0},"ball":{"x":1066.9791742473417,"y":431.1687560109704,"vx":-0.3318113335149907,"vy":0.09833263577084572},"t":1773945008579,"pid":"a847f3a6-5496-43aa-acc3-329b9c7dd910","slot":0,"seq":2993,"echo":1773945008579}