{"x":809.173868400658,"y":240.28399283935352,"vx":0,"vy":0.9953537304785053,"goals":{"home":0,"away":0},"ball":{"x":1076.7588650971616,"y":408.92918856273997,"vx":-0.41904651547416955,"vy":0.3532478465786409},"t":1773944998559,"pid":"a847f3a6-5496-43aa-acc3-329b9c7dd910","slot":0,"seq":2392,"echo":1773944998559}