{"x":1011.9791671787781,"y":474.2916712259212,"vx":1.1133475434346045,"vy":9.342027145980952,"goals":{"home":0,"away":0},"ball":{"x":1055.4941935116908,"y":433.8298456339527,"vx":-0.1658100212375228,"vy":0.0578228582233836},"t":1773945002476,"pid":"a847f3a6-5496-43aa-acc3-329b9c7dd910","slot":0,"seq":2627,"echo":1773945002476}