{"x":889.1360043423894,"y":448.85196581124916,"vx":-7.623362722013003,"vy":0,"goals":{"home":0,"away":0},"ball":{"x":1109.9504537012717,"y":418.4393054553919,"vx":-0.6773304280474947,"vy":0.2006806860283429},"t":1773945014440,"pid":"a847f3a6-5496-43aa-acc3-329b9c7dd910","slot":0,"seq":3345,"echo":1773945014440}