{"x":1029.3143573955265,"y":435.4715302586863,"vx":0,"vy":0,"goals":{"home":0,"away":0},"ball":{"x":1062.5704109439548,"y":432.4771503400516,"vx":7.67041567151085,"vy":-2.2726027867273144},"t":1773945016475,"pid":"a847f3a6-5496-43aa-acc3-329b9c7dd910","slot":0,"seq":3467,"echo":1773945016475}