{"x":950.5957135901753,"y":358.3348245113447,"vx":-0.7399420907265072,"vy":3.5383525498275783,"goals":{"home":0,"away":0},"ball":{"x":1066.3487025203642,"y":451.9820476237475,"vx":-0.16399330060427614,"vy":0.07439026756361841},"t":1773944975993,"pid":"a847f3a6-5496-43aa-acc3-329b9c7dd910","slot":0,"seq":1038,"echo":1773944975993}