{"x":1040.3071513128725,"y":460.91140488309117,"vx":0,"vy":0,"goals":{"home":0,"away":0},"ball":{"x":1120.4308747404482,"y":426.1626701232103,"vx":-0.7652865647294237,"vy":0.3629118452230357},"t":1773944967307,"pid":"a847f3a6-5496-43aa-acc3-329b9c7dd910","slot":0,"seq":517,"echo":1773944967307}