{"x":782.2694026684464,"y":405.1318405055173,"vx":6.543194533083662,"vy":1.272901445369929,"goals":{"home":0,"away":0},"ball":{"x":1044.8953226210542,"y":437.7133285407302,"vx":-0.10874212516864755,"vy":0.03222584254094879},"t":1773945010426,"pid":"a847f3a6-5496-43aa-acc3-329b9c7dd910","slot":0,"seq":3104,"echo":1773945010426}