{"x":959.0465844494328,"y":440.6133276770114,"vx":5.225329960558843,"vy":0.5081193511746207,"goals":{"home":0,"away":0},"ball":{"x":881.1270050379242,"y":112.61009342945839,"vx":7.440937192783476,"vy":-7.606705177052751},"t":1773944960807,"pid":"a847f3a6-5496-43aa-acc3-329b9c7dd910","slot":0,"seq":127,"echo":1773944960807}