{"x":1037.5549899789373,"y":410.91156937635566,"vx":7.652536100896767,"vy":-8.543705627612855,"goals":{"home":0,"away":0},"ball":{"x":1055.986731040943,"y":456.6827568422206,"vx":-0.06063476490008912,"vy":0.027500799208048533},"t":1773944981847,"pid":"a847f3a6-5496-43aa-acc3-329b9c7dd910","slot":0,"seq":1389,"echo":1773944981847}