{"x":809.173868400658,"y":164.19571371844506,"vx":0,"vy":0,"goals":{"home":0,"away":0},"ball":{"x":977.4829025294963,"y":262.37426157253395,"vx":6.174672611966757,"vy":3.7227502950424896},"t":1773944996574,"pid":"a847f3a6-5496-43aa-acc3-329b9c7dd910","slot":0,"seq":2273,"echo":1773944996574}