{"x":1031.5368138663707,"y":473.06352295806886,"vx":0,"vy":0,"goals":{"home":0,"away":0},"ball":{"x":1117.0862284938926,"y":428.9666066345169,"vx":-0.6764935629631553,"vy":0.30686946947503835},"t":1773944973646,"pid":"a847f3a6-5496-43aa-acc3-329b9c7dd910","slot":0,"seq":897,"echo":1773944973646}