{"x":1033.819537122524,"y":466.9003811430574,"vx":0,"vy":0,"goals":{"home":0,"away":0},"ball":{"x":1108.7555170368107,"y":432.7495595994176,"vx":-0.5936528052623896,"vy":0.2692502663070727},"t":1773944978062,"pid":"a847f3a6-5496-43aa-acc3-329b9c7dd910","slot":0,"seq":1162,"echo":1773944978062}