{"x":1013.3214557044952,"y":439.1920516846064,"vx":0,"vy":0,"goals":{"home":0,"away":0},"ball":{"x":1092.5071247504034,"y":423.50428634040003,"vx":-0.5213295182794672,"vy":0.15536623996382426},"t":1773945004475,"pid":"a847f3a6-5496-43aa-acc3-329b9c7dd910","slot":0,"seq":2747,"echo":1773945004475}