{"x":1035.3391707791238,"y":432.68115886483235,"vx":1.1985378333614891,"vy":-0.35497473431379256,"goals":{"home":0,"away":0},"ball":{"x":1087.7194855174434,"y":425.01404159014436,"vx":-0.4622574212164827,"vy":0.13717025165562657},"t":1773945006628,"pid":"a847f3a6-5496-43aa-acc3-329b9c7dd910","slot":0,"seq":2876,"echo":1773945006628}