{"x":1050.6095965910395,"y":456.27912665603077,"vx":0,"vy":0,"goals":{"home":0,"away":0},"ball":{"x":1110.602046854128,"y":431.74071716569324,"vx":-0.6690881176156157,"vy":0.30522772926461533},"t":1773944969244,"pid":"a847f3a6-5496-43aa-acc3-329b9c7dd910","slot":0,"seq":633,"echo":1773944969244}