{"x":431.34567398179087,"y":445.41304086537093,"vx":-1.0279640308559659,"vy":0.7267625996481574,"goals":{"home":0,"away":0},"ball":{"x":1042.6242380360159,"y":438.38683769736014,"vx":-0.0248187344402661,"vy":0.007353334668104277},"t":1773945022640,"pid":"a847f3a6-5496-43aa-acc3-329b9c7dd910","slot":0,"seq":3837,"echo":1773945022640}