{"x":908.9629908441174,"y":563.2814785749623,"vx":0.7060795988224933,"vy":0.41905851423093615,"goals":{"home":0,"away":0},"ball":{"x":1051.5929313324207,"y":458.67555756872673,"vx":-0.0162529496624954,"vy":0.007371498940307582},"t":1773944984027,"pid":"a847f3a6-5496-43aa-acc3-329b9c7dd910","slot":0,"seq":1520,"echo":1773944984027}