{"x":896.7876568285071,"y":452.5182440931635,"vx":-4.027838171818719,"vy":0.14834445736625038,"goals":{"home":0,"away":0},"ball":{"x":1017.4046939331278,"y":69.38977773482826,"vx":-3.8833881695396038,"vy":-4.561470805396144},"t":1773944994713,"pid":"a847f3a6-5496-43aa-acc3-329b9c7dd910","slot":0,"seq":2161,"echo":1773944994713}