{"x":1054.291991829348,"y":276.2543643007723,"vx":11.14236187186377,"vy":-10.799586657871734,"goals":{"home":0,"away":0},"ball":{"x":1053.6310009301776,"y":401.9807929000818,"vx":-0.1361986772565561,"vy":0.020961332851253737},"t":1773944991963,"pid":"a847f3a6-5496-43aa-acc3-329b9c7dd910","slot":0,"seq":1996,"echo":1773944991963}