{"x":1012.7095955626772,"y":331.55810897085377,"vx":0,"vy":-1.496303925123959,"goals":{"home":0,"away":0},"ball":{"x":1079.5077886797862,"y":427.4588303637001,"vx":-0.3781304291265869,"vy":0.11203395214567416},"t":1773945012391,"pid":"a847f3a6-5496-43aa-acc3-329b9c7dd910","slot":0,"seq":3222,"echo":1773945012391}