{"x":370.5550838503075,"y":337.8728955684889,"vx":-0.45765722417196203,"vy":-0.018093100655697403,"goals":{"home":0,"away":0},"ball":{"x":1063.032697788873,"y":453.44112405608234,"vx":-0.18858964220899696,"vy":0.08603170006876078},"t":1773944971342,"pid":"a847f3a6-5496-43aa-acc3-329b9c7dd910","slot":0,"seq":759,"echo":1773944971342}