{"x":758.9954958749795,"y":419.6647730595449,"vx":5.09084386505322,"vy":6.96831768300796,"goals":{"home":0,"away":0},"ball":{"x":1070.0347740741686,"y":450.31128972497606,"vx":-0.20253418947813231,"vy":0.09185905291759093},"t":1773944979840,"pid":"a847f3a6-5496-43aa-acc3-329b9c7dd910","slot":0,"seq":1269,"echo":1773944979840}