{"x":469.37073269048136,"y":400.0005596673049,"vx":-0.1642490889727164,"vy":-0.000029456173935108213,"goals":{"home":0,"away":0},"ball":{"x":600,"y":400,"vx":0,"vy":0},"t":1773943146673,"pid":"13d5c135-087f-4190-8846-9f1b2b751d07","slot":0,"seq":979,"echo":1773943146673}