{"x":347.46278469546036,"y":400,"vx":3.7519587002389336,"vy":0,"goals":{"home":0,"away":0},"ball":{"x":600,"y":400,"vx":0,"vy":0},"t":1773943133141,"pid":"13d5c135-087f-4190-8846-9f1b2b751d07","slot":0,"seq":167,"echo":1773943133141}