{"x":712.6913191853603,"y":88.15482359272303,"vx":-1.6772301009229076,"vy":1.2664285114846316,"goals":{"home":0,"away":0},"ball":{"x":729.8333697365248,"y":187.30117090320357,"vx":-0.764150417605444,"vy":0.919494399243642},"t":1773943252320,"pid":"13d5c135-087f-4190-8846-9f1b2b751d07","slot":0,"seq":2951,"echo":1773943252320}