{"x":656.3649723205455,"y":31.09113922829997,"vx":-0.0026710094870004957,"vy":0.017211871015457462,"goals":{"home":0,"away":0},"ball":{"x":694.1230560119686,"y":62.856601386339946,"vx":-0.2524877581718816,"vy":-0.8070109399057942},"t":1773943249570,"pid":"13d5c135-087f-4190-8846-9f1b2b751d07","slot":0,"seq":2786,"echo":1773943249570}