{"x":745.8008268685062,"y":734.7167047893842,"vx":2.289990705967469,"vy":-0.015321083431706036,"goals":{"home":0,"away":0},"ball":{"x":760.0971776707242,"y":689.5352514149221,"vx":1.0762817548247001,"vy":-0.5494276105581125},"t":1773943244572,"pid":"13d5c135-087f-4190-8846-9f1b2b751d07","slot":0,"seq":2486,"echo":1773943244572}