{"x":679.5384051825308,"y":311.04917129869636,"vx":3.35203972493436,"vy":2.8694456736149685,"goals":{"home":0,"away":0},"ball":{"x":776.2684498754711,"y":320.5171851570022,"vx":0.6254579198567174,"vy":1.2332624501845826},"t":1773943253757,"pid":"13d5c135-087f-4190-8846-9f1b2b751d07","slot":0,"seq":3037,"echo":1773943253757}