{"x":537.4826290561265,"y":400.0276017065693,"vx":0.0009142602038557563,"vy":-0.00145272139837192,"goals":{"home":0,"away":0},"ball":{"x":600,"y":400,"vx":0,"vy":0},"t":1773943145409,"pid":"13d5c135-087f-4190-8846-9f1b2b751d07","slot":0,"seq":903,"echo":1773943145409}