{"x":512.9119852330424,"y":400.000001700973,"vx":0.04410604036616641,"vy":-8.95248770545428e-8,"goals":{"home":0,"away":0},"ball":{"x":600,"y":400,"vx":0,"vy":0},"t":1773943148562,"pid":"13d5c135-087f-4190-8846-9f1b2b751d07","slot":0,"seq":1092,"echo":1773943148562}