{"x":791.0033945842317,"y":162.46576865365626,"vx":2.050485156630974,"vy":-0.9438053127968506,"goals":{"home":0,"away":0},"ball":{"x":886.5265316948195,"y":298.2576579337749,"vx":0.5340232737794068,"vy":-0.18962564573272975},"t":1773943226457,"pid":"13d5c135-087f-4190-8846-9f1b2b751d07","slot":0,"seq":1399,"echo":1773943226457}