{"x":619.9611203966788,"y":746.2840536543116,"vx":1.9882834529837243,"vy":-0.8225244676297044,"goals":{"home":0,"away":0},"ball":{"x":648.8636143452779,"y":746.6352086183732,"vx":-0.08509061351062404,"vy":-0.33801363987887},"t":1773943243370,"pid":"13d5c135-087f-4190-8846-9f1b2b751d07","slot":0,"seq":2414,"echo":1773943243370}