{"x":536.9017335455009,"y":400.95062048715766,"vx":0.03148770813150546,"vy":-0.05003265721882433,"goals":{"home":0,"away":0},"ball":{"x":600,"y":400,"vx":0,"vy":0},"t":1773943144257,"pid":"13d5c135-087f-4190-8846-9f1b2b751d07","slot":0,"seq":834,"echo":1773943144257}