{"x":727.3572507542701,"y":266.918541407535,"vx":0.40028220031318584,"vy":-0.19131966826415323,"goals":{"home":0,"away":0},"ball":{"x":829.2849850860648,"y":318.583485985436,"vx":1.1122207142718787,"vy":-0.39493704019395137},"t":1773943225240,"pid":"13d5c135-087f-4190-8846-9f1b2b751d07","slot":0,"seq":1326,"echo":1773943225240}