{"x":875.6755882814956,"y":239.5156449071716,"vx":2.0493322032239787,"vy":0.000938042281287687,"goals":{"home":0,"away":0},"ball":{"x":929.9147197080505,"y":282.8510013831083,"vx":0.09575874839323961,"vy":-0.034002852291652785},"t":1773943229309,"pid":"13d5c135-087f-4190-8846-9f1b2b751d07","slot":0,"seq":1570,"echo":1773943229309}