{"x":472.55552348743544,"y":0,"vx":-0.021465546902297235,"vy":-0.847457627118644,"goals":{"home":0,"away":0},"ball":{"x":656.1241897092864,"y":131.88590470875528,"vx":-0.5759374415264692,"vy":-0.7455181634012714},"t":1773943259888,"pid":"13d5c135-087f-4190-8846-9f1b2b751d07","slot":0,"seq":3405,"echo":1773943259888}