{"x":561.0698025030655,"y":376.8135538708963,"vx":0.009484078786006699,"vy":-0.029660730047162354,"goals":{"home":0,"away":0},"ball":{"x":600,"y":400,"vx":0,"vy":0},"t":1773943141056,"pid":"13d5c135-087f-4190-8846-9f1b2b751d07","slot":0,"seq":642,"echo":1773943141056}