{"x":900.0646951054624,"y":0,"vx":3.0846534541576234,"vy":-0.6002072486373184,"goals":{"home":0,"away":0},"ball":{"x":604.2168102551201,"y":64.69476308914128,"vx":-0.05162047734296824,"vy":-0.0668197632031499},"t":1773943263888,"pid":"13d5c135-087f-4190-8846-9f1b2b751d07","slot":0,"seq":3645,"echo":1773943263888}