{"x":984.5836201122102,"y":666.4614430882585,"vx":0.09650870833494601,"vy":-0.09480018798686518,"goals":{"home":0,"away":0},"ball":{"x":1053.2169509139515,"y":537.7013269050356,"vx":-2.8621520833917606,"vy":1.0651741521529177},"t":1773943256271,"pid":"13d5c135-087f-4190-8846-9f1b2b751d07","slot":0,"seq":3188,"echo":1773943256271}