{"x":955.7902624642431,"y":508.84289493997676,"vx":-9.204872861471165,"vy":-0.31486842393178843,"goals":{"home":0,"away":0},"ball":{"x":839.0878368022474,"y":368.72190861296366,"vx":-2.4240550889301145,"vy":-3.137801031120551},"t":1773943257507,"pid":"13d5c135-087f-4190-8846-9f1b2b751d07","slot":0,"seq":3262,"echo":1773943257507}