{"x":745.5613397202013,"y":604.5726326667648,"vx":3.5904828615726307,"vy":-3.7084823678014533,"goals":{"home":0,"away":0},"ball":{"x":810.9086438088262,"y":546.6305259574731,"vx":0.41174881780810274,"vy":-1.929612163781411},"t":1773943245841,"pid":"13d5c135-087f-4190-8846-9f1b2b751d07","slot":0,"seq":2562,"echo":1773943245841}