{"x":519.8340619533345,"y":428.0704400284189,"vx":0.9297862129823707,"vy":-1.4773915804430946,"goals":{"home":0,"away":0},"ball":{"x":600,"y":400,"vx":0,"vy":0},"t":1773943143160,"pid":"13d5c135-087f-4190-8846-9f1b2b751d07","slot":0,"seq":768,"echo":1773943143160}