{"x":1030.654720146173,"y":551.3238142891195,"vx":0.020906049841899293,"vy":0.044256473025595655,"goals":{"home":0,"away":0},"ball":{"x":1177.1535963492393,"y":448.94645136489885,"vx":-0.9466483750739477,"vy":0.7523832467564889},"t":1773943231774,"pid":"13d5c135-087f-4190-8846-9f1b2b751d07","slot":0,"seq":1718,"echo":1773943231774}