{"x":658.3528110806036,"y":18.28159118881485,"vx":-0.1072941021216571,"vy":0.691398609935727,"goals":{"home":0,"away":0},"ball":{"x":720.6664232768935,"y":147.69551761668433,"vx":-0.5206025790297089,"vy":-1.6639696897072538},"t":1773943248376,"pid":"13d5c135-087f-4190-8846-9f1b2b751d07","slot":0,"seq":2714,"echo":1773943248376}