{"x":506.14434460354374,"y":400.00001543769,"vx":0.40029765244504667,"vy":-8.125099832778243e-7,"goals":{"home":0,"away":0},"ball":{"x":600,"y":400,"vx":0,"vy":0},"t":1773943147840,"pid":"13d5c135-087f-4190-8846-9f1b2b751d07","slot":0,"seq":1049,"echo":1773943147840}