{"x":1015.8936661952358,"y":520.0758171328255,"vx":0.7978036262070152,"vy":1.6888879023042387,"goals":{"home":0,"away":0},"ball":{"x":1073.110330902521,"y":371.3862193269975,"vx":2.4154602245639563,"vy":1.5358199340080212},"t":1773943230586,"pid":"13d5c135-087f-4190-8846-9f1b2b751d07","slot":0,"seq":1647,"echo":1773943230586}