{"x":471.76371326559126,"y":414.48750696278324,"vx":-0.2901954350311284,"vy":1.7374996335377304,"goals":{"home":0,"away":0},"ball":{"x":600,"y":400,"vx":0,"vy":0},"t":1773943142056,"pid":"13d5c135-087f-4190-8846-9f1b2b751d07","slot":0,"seq":702,"echo":1773943142056}