{"x":1104.4085270149806,"y":311.1368601868215,"vx":4.7127755030359335,"vy":-0.861020137751867,"goals":{"home":0,"away":0},"ball":{"x":1131.4046233478948,"y":325.9056894199321,"vx":5.201388351691035,"vy":1.1853578268278386},"t":1773943234274,"pid":"13d5c135-087f-4190-8846-9f1b2b751d07","slot":0,"seq":1868,"echo":1773943234274}