{"x":592.7029515501026,"y":0,"vx":0.7260534195596248,"vy":-0.8473765315568262,"goals":{"home":0,"away":0},"ball":{"x":624.6231750992905,"y":91.10963828808792,"vx":-0.25774537475883214,"vy":-0.3336366844046307},"t":1773943261221,"pid":"13d5c135-087f-4190-8846-9f1b2b751d07","slot":0,"seq":3485,"echo":1773943261221}