{"x":747.0508560687415,"y":422.60660562015767,"vx":-4.7756122593920765,"vy":-0.6876106582608658,"goals":{"home":0,"away":0},"ball":{"x":777.5536850425975,"y":329.520739237747,"vx":-1.0952213847438892,"vy":-3.500588089920009},"t":1773943247140,"pid":"13d5c135-087f-4190-8846-9f1b2b751d07","slot":0,"seq":2640,"echo":1773943247140}