{"x":823.7534918437319,"y":50.83475430004689,"vx":1.8562771369771973,"vy":2.3501143952102814,"goals":{"home":0,"away":0},"ball":{"x":787.2347661091776,"y":88.8357267086456,"vx":1.130820319273166,"vy":0.44196509769645415},"t":1773943250876,"pid":"13d5c135-087f-4190-8846-9f1b2b751d07","slot":0,"seq":2864,"echo":1773943250876}