{"x":957.0895553580855,"y":348.352521692797,"vx":-2.4117307221718174,"vy":4.598381864798636,"goals":{"home":0,"away":0},"ball":{"x":1008.3191155843481,"y":400.8237806927163,"vx":-2.2050371507013082,"vy":0.7537837810112186},"t":1773943235440,"pid":"13d5c135-087f-4190-8846-9f1b2b751d07","slot":0,"seq":1938,"echo":1773943235440}