{"x":511.5565760486955,"y":415.35035593059183,"vx":0.11544336585813657,"vy":0.44208652996885484,"goals":{"home":0,"away":0},"ball":{"x":600,"y":400,"vx":0,"vy":0},"t":1773943139209,"pid":"13d5c135-087f-4190-8846-9f1b2b751d07","slot":0,"seq":531,"echo":1773943139209}