{"x":1103.4703551154732,"y":473.14709779471394,"vx":-2.664514058148795,"vy":-0.1444897542683056,"goals":{"home":0,"away":0},"ball":{"x":1138.0238385230361,"y":404.566866528612,"vx":-0.14081354767380125,"vy":-1.5760319152479638},"t":1773943233107,"pid":"13d5c135-087f-4190-8846-9f1b2b751d07","slot":0,"seq":1798,"echo":1773943233107}