{"x":491.2561149840775,"y":11.429203031569443,"vx":-1.0057072046203035,"vy":-6.658581694920364,"goals":{"home":0,"away":0},"ball":{"x":720.2696325944526,"y":214.9185213130233,"vx":-1.2238712080433005,"vy":-1.584231462434283},"t":1773943258638,"pid":"13d5c135-087f-4190-8846-9f1b2b751d07","slot":0,"seq":3330,"echo":1773943258638}