{"x":418.746233448884,"y":400,"vx":0.0001982395324233855,"vy":0,"goals":{"home":0,"away":0},"ball":{"x":600,"y":400,"vx":0,"vy":0},"t":1773943136341,"pid":"13d5c135-087f-4190-8846-9f1b2b751d07","slot":0,"seq":359,"echo":1773943136341}