{"x":1140.225215180026,"y":180.30966004710143,"vx":0.05962239536370879,"vy":4.172650393008448,"goals":{"home":0,"away":0},"ball":{"x":930.8812661372763,"y":521.7614123081747,"vx":0.22965007674150717,"vy":1.495061407084086},"t":1773943237121,"pid":"13d5c135-087f-4190-8846-9f1b2b751d07","slot":0,"seq":2039,"echo":1773943237121}