{"x":662.4699690658499,"y":741.7240042597149,"vx":2.2509756282904942,"vy":-0.44408238137113887,"goals":{"home":0,"away":0},"ball":{"x":659.8393741609998,"y":779.0124517434155,"vx":-0.19595687427549421,"vy":0.973022957533323},"t":1773943241988,"pid":"13d5c135-087f-4190-8846-9f1b2b751d07","slot":0,"seq":2331,"echo":1773943241988}