{"x":418.66824251030255,"y":400,"vx":0.004303025773555723,"vy":0,"goals":{"home":0,"away":0},"ball":{"x":600,"y":400,"vx":0,"vy":0},"t":1773943135341,"pid":"13d5c135-087f-4190-8846-9f1b2b751d07","slot":0,"seq":299,"echo":1773943135341}