{"x":794.4757876017006,"y":0,"vx":-0.19687038942359586,"vy":-1.1322345290131268,"goals":{"home":0,"away":0},"ball":{"x":601.5355737051536,"y":61.22405532776131,"vx":-0.024537279868561163,"vy":-0.03176210904779667},"t":1773943265124,"pid":"13d5c135-087f-4190-8846-9f1b2b751d07","slot":0,"seq":3719,"echo":1773943265124}