{"x":891.2248372666828,"y":358.9164571125151,"vx":5.010128858099532,"vy":-0.15822197873718513,"goals":{"home":0,"away":0},"ball":{"x":938.3722611126727,"y":414.51692766793707,"vx":7.756981143520734,"vy":2.3094610131337108},"t":1773943254986,"pid":"13d5c135-087f-4190-8846-9f1b2b751d07","slot":0,"seq":3111,"echo":1773943254986}