{"x":790.7970265781989,"y":0,"vx":-0.0032513881866541032,"vy":-0.847457627118644,"goals":{"home":0,"away":0},"ball":{"x":600.1935022302023,"y":59.486820362611105,"vx":-0.010981002343800542,"vy":-0.014214281116986577},"t":1773943266457,"pid":"13d5c135-087f-4190-8846-9f1b2b751d07","slot":0,"seq":3799,"echo":1773943266457}