{"x":1035.7070416528907,"y":650.1144512936108,"vx":-0.6894211032081123,"vy":-2.6716516856311916,"goals":{"home":0,"away":0},"ball":{"x":943.339249696239,"y":602.8650230422472,"vx":0.10381185897420711,"vy":0.6758330158308231},"t":1773943238440,"pid":"13d5c135-087f-4190-8846-9f1b2b751d07","slot":0,"seq":2118,"echo":1773943238440}