{"x":712.1650726248928,"y":663.3226995093894,"vx":-0.25861176060253654,"vy":-0.7366290452107614,"goals":{"home":0,"away":0},"ball":{"x":719.5761077106334,"y":764.03072362022,"vx":-1.2205997281543075,"vy":0.7582181920322452},"t":1773943240788,"pid":"13d5c135-087f-4190-8846-9f1b2b751d07","slot":0,"seq":2259,"echo":1773943240788}