{"x":606.2815281766774,"y":5.526813141608572,"vx":0.011391491845169213,"vy":0.1116624336499561,"goals":{"home":0,"away":0},"ball":{"x":610.4115462361441,"y":72.71349543459955,"vx":-0.11419356806038193,"vy":-0.14781705962191993},"t":1773943262576,"pid":"13d5c135-087f-4190-8846-9f1b2b751d07","slot":0,"seq":3566,"echo":1773943262576}