{"x":513.7387271295555,"y":400.00000002288135,"vx":0.0005933089707584382,"vy":-1.2042775144071093e-9,"goals":{"home":0,"away":0},"ball":{"x":600,"y":400,"vx":0,"vy":0},"t":1773943222740,"pid":"13d5c135-087f-4190-8846-9f1b2b751d07","slot":0,"seq":1176,"echo":1773943222740}