{"x":1165.5431450071376,"y":237.9068003604871,"vx":-5.706854992862456,"vy":0.08561407105415478,"goals":{"home":0,"away":0},"ball":{"x":916.4377619625981,"y":287.636517184522,"vx":0.23188963471093865,"vy":-0.0823413957402772},"t":1773943227837,"pid":"13d5c135-087f-4190-8846-9f1b2b751d07","slot":0,"seq":1482,"echo":1773943227837}