{"x":890.9462911689643,"y":593.9916931730597,"vx":-7.168149578711592,"vy":-0.1483242826734772,"goals":{"home":0,"away":0},"ball":{"x":845.4029367225344,"y":685.868990005207,"vx":-2.4915777989815906,"vy":1.5477306527899508},"t":1773943239606,"pid":"13d5c135-087f-4190-8846-9f1b2b751d07","slot":0,"seq":2188,"echo":1773943239606}