{"x":557.7199598314044,"y":387.2899302724931,"vx":0.18579158782080346,"vy":-0.581048961710156,"goals":{"home":0,"away":0},"ball":{"x":600,"y":400,"vx":0,"vy":0},"t":1773943140092,"pid":"13d5c135-087f-4190-8846-9f1b2b751d07","slot":0,"seq":584,"echo":1773943140092}