{"x":610.4503629491339,"y":401.5372826936504,"vx":0.303276295320358,"vy":-3.5265165780597068,"goals":{"home":0,"away":0},"ball":{"x":712.3601760880845,"y":360.1021678426932,"vx":2.293279391019157,"vy":-0.8143176650147319},"t":1773943224041,"pid":"13d5c135-087f-4190-8846-9f1b2b751d07","slot":0,"seq":1254,"echo":1773943224041}