{"x":1019.6696631316089,"y":496.7205233102906,"vx":-1.2087902244864075,"vy":-14.324626049516542,"goals":{"home":0,"away":0},"ball":{"x":1020.8279260883498,"y":363.15516434810814,"vx":-0.24000495619287798,"vy":-4.3315928216763275},"t":1773868908617,"pid":"7c44a070-0ea8-4132-9c49-d837bbdf1bcc","slot":0}