{"x":676.9643222011607,"y":175.1145672893505,"vx":-9.734979949041941,"vy":1.1412559555692519,"goals":{"home":0,"away":0},"ball":{"x":939.7179304693451,"y":106.36706211742415,"vx":-0.14665838226698275,"vy":0.06926667953964569},"t":1773868944000,"pid":"7c44a070-0ea8-4132-9c49-d837bbdf1bcc","slot":0}