{"x":628.0757326067667,"y":130.38824787195247,"vx":0.0008771723805309701,"vy":4.038513096282664,"goals":{"home":0,"away":0},"ball":{"x":708.3112666026818,"y":255.15028859791636,"vx":-1.9713747325044069,"vy":0.21750936274473048},"t":1773868963796,"pid":"7c44a070-0ea8-4132-9c49-d837bbdf1bcc","slot":0}