{"x":203.4451019412467,"y":478.71371235116396,"vx":0.7990575466142221,"vy":-0.09727805531257036,"goals":{"home":0,"away":0},"ball":{"x":141.50947206140611,"y":619.1429934406822,"vx":3.7680165012746754,"vy":-3.7193582893576487},"t":1773868917746,"pid":"7c44a070-0ea8-4132-9c49-d837bbdf1bcc","slot":0}