{"x":219.60753470402508,"y":746.4717677847442,"vx":0.04447669961172084,"vy":-1.4557983647552315,"goals":{"home":0,"away":0},"ball":{"x":304.19224483068723,"y":632.8302307865936,"vx":1.7424163307047829,"vy":-7.3052270129394845},"t":1773868918794,"pid":"7c44a070-0ea8-4132-9c49-d837bbdf1bcc","slot":0}