{"x":614.0907616186093,"y":63.62316315517552,"vx":-3.410234493147223,"vy":0.9151670038676585,"goals":{"home":0,"away":0},"ball":{"x":635.7397436496123,"y":5.624931904549914,"vx":0.3421359123558428,"vy":0.5373963418679606},"t":1773868974912,"pid":"7c44a070-0ea8-4132-9c49-d837bbdf1bcc","slot":0}