{"x":817.0386278789915,"y":722.1598343192244,"vx":-0.01708413650583837,"vy":0.009060129826591988,"goals":{"home":0,"away":0},"ball":{"x":1049.1094713047712,"y":701.4256180346082,"vx":-0.13513943549837518,"vy":-0.07952896074711563},"t":1773868905451,"pid":"7c44a070-0ea8-4132-9c49-d837bbdf1bcc","slot":0}