{"x":204.2881733671832,"y":361.0100822060341,"vx":-0.3826233228153564,"vy":-3.041146238682151,"goals":{"home":0,"away":0},"ball":{"x":334.8461594968958,"y":452.5658275499603,"vx":-0.017968791583588054,"vy":-0.005670848744845381},"t":1773868993195,"pid":"7c44a070-0ea8-4132-9c49-d837bbdf1bcc","slot":0}