{"x":248.3597913581955,"y":33.420839816713205,"vx":-1.7124401818819586,"vy":-0.230950501932978,"goals":{"home":0,"away":0},"ball":{"x":342.1458124907835,"y":3.498672613872173,"vx":-0.3729867742899605,"vy":0.5685596954868024},"t":1773868922552,"pid":"7c44a070-0ea8-4132-9c49-d837bbdf1bcc","slot":0}