{"x":623.9794459340349,"y":10.647051055755213,"vx":-3.930691562380132,"vy":0.046711994313641106,"goals":{"home":0,"away":0},"ball":{"x":667.71826830906,"y":55.85392438882346,"vx":0.019120511755358043,"vy":0.030032781420752476},"t":1773868979696,"pid":"7c44a070-0ea8-4132-9c49-d837bbdf1bcc","slot":0}