{"x":877.0676516351781,"y":382.79927097604264,"vx":-14.731026416766008,"vy":-1.5846745497218917,"goals":{"home":0,"away":0},"ball":{"x":641.2711909444666,"y":531.2179034926296,"vx":-11.4448918715933,"vy":-1.5122895563753027},"t":1773868913100,"pid":"7c44a070-0ea8-4132-9c49-d837bbdf1bcc","slot":0}