{"x":620.1702508284143,"y":83.30843572159162,"vx":0.019792390547251924,"vy":-5.656789028776556,"goals":{"home":0,"away":0},"ball":{"x":665.381405734049,"y":52.183390680122976,"vx":0.04272518423021803,"vy":0.06710887948843447},"t":1773868978363,"pid":"7c44a070-0ea8-4132-9c49-d837bbdf1bcc","slot":0}