{"x":152.31267252607103,"y":520.1269469824013,"vx":0.47792935303265643,"vy":-2.0407180690172733,"goals":{"home":0,"away":0},"ball":{"x":348.50511372926024,"y":456.8765160625505,"vx":-0.155938026253928,"vy":-0.04921315695282692},"t":1773868989612,"pid":"7c44a070-0ea8-4132-9c49-d837bbdf1bcc","slot":0}