{"x":969.71008791364,"y":185.95376825100638,"vx":-0.24228184831137678,"vy":-11.851574899077825,"goals":{"home":0,"away":0},"ball":{"x":1142.006468470349,"y":10.826288247770181,"vx":-2.1899769479337,"vy":1.0343250014553418},"t":1773868939514,"pid":"7c44a070-0ea8-4132-9c49-d837bbdf1bcc","slot":0}