{"x":925.0391445694835,"y":637.4076475173385,"vx":-0.8899073874303747,"vy":0.3761968216093522,"goals":{"home":0,"away":0},"ball":{"x":1103.824500663156,"y":625.2920068637095,"vx":2.5657595125951014,"vy":-0.27204454422176466},"t":1773868910996,"pid":"7c44a070-0ea8-4132-9c49-d837bbdf1bcc","slot":0}