{"x":347.14862593788007,"y":442.4299820713329,"vx":0.06108540196681705,"vy":0.32240260812534816,"goals":{"home":0,"away":0},"ball":{"x":409.6120310327351,"y":437.5895342193695,"vx":-0.0458055830985468,"vy":0.03696389927609415},"t":1773868971163,"pid":"7c44a070-0ea8-4132-9c49-d837bbdf1bcc","slot":0}