{"x":956.5729577636254,"y":355.130459679871,"vx":-14.960864318273256,"vy":5.308158240696382,"goals":{"home":0,"away":0},"ball":{"x":981.0234005977348,"y":86.85850953152989,"vx":-0.5638853532608215,"vy":0.2663227662658494},"t":1773868941764,"pid":"7c44a070-0ea8-4132-9c49-d837bbdf1bcc","slot":0}