{"x":773.2374754491212,"y":172.73420988818734,"vx":-0.05336746819552446,"vy":-0.017690670920296296,"goals":{"home":0,"away":0},"ball":{"x":902.0848901422852,"y":182.07866734209418,"vx":-0.8341798571206921,"vy":0.5582837493538074},"t":1773868893596,"pid":"7c44a070-0ea8-4132-9c49-d837bbdf1bcc","slot":0}