{"x":893.7878233543381,"y":642.4219623756209,"vx":-1.5516467545612387,"vy":-1.2579001007335262,"goals":{"home":0,"away":0},"ball":{"x":926.2470091497721,"y":439.69594631660755,"vx":1.242311484265049,"vy":1.5852079232516045},"t":1773868929765,"pid":"7c44a070-0ea8-4132-9c49-d837bbdf1bcc","slot":0}