{"x":544.9845210396115,"y":400,"vx":12.106077840020431,"vy":0,"goals":{"home":0,"away":0},"ball":{"x":600,"y":400,"vx":0,"vy":0},"t":1773868889715,"pid":"7c44a070-0ea8-4132-9c49-d837bbdf1bcc","slot":0}