{"x":9.195511071987836,"y":648.7799982807171,"vx":-0.03490539786384815,"vy":-7.557016140310014,"goals":{"home":0,"away":0},"ball":{"x":100.62207042150264,"y":604.715189222351,"vx":1.2373914706547136,"vy":-2.277254930885719},"t":1773868953894,"pid":"7c44a070-0ea8-4132-9c49-d837bbdf1bcc","slot":0}