{"x":316.65859225853166,"y":481.37733267522174,"vx":1.2031441039557702,"vy":-0.0012646844288665387,"goals":{"home":0,"away":0},"ball":{"x":336.6984916038002,"y":453.1504130606003,"vx":-0.03667921690585153,"vy":-0.0115757528927232},"t":1773868992014,"pid":"7c44a070-0ea8-4132-9c49-d837bbdf1bcc","slot":0}