{"x":135.79221936463927,"y":492.9646985940158,"vx":3.6930467350048586,"vy":27.088201346135282,"goals":{"home":0,"away":0},"ball":{"x":630.1348090793512,"y":707.0955225521949,"vx":-0.799776930102272,"vy":1.271832813261859},"t":1773868934862,"pid":"7c44a070-0ea8-4132-9c49-d837bbdf1bcc","slot":0}