{"x":822.6542017410464,"y":35.15440341684265,"vx":-8.86932493895592,"vy":9.86113366577528,"goals":{"home":0,"away":0},"ball":{"x":793.0845905422941,"y":269.77872046016165,"vx":2.5873864196941208,"vy":3.3015435379631786},"t":1773868928551,"pid":"7c44a070-0ea8-4132-9c49-d837bbdf1bcc","slot":0}