{"x":157.0114976321091,"y":608.0006987858117,"vx":1.5603058358139723,"vy":-3.5357372195254824,"goals":{"home":0,"away":0},"ball":{"x":164.30565465246764,"y":487.5139965151576,"vx":0.594122943069207,"vy":-1.09340449949992},"t":1773868955116,"pid":"7c44a070-0ea8-4132-9c49-d837bbdf1bcc","slot":0}