{"x":25.39698395261443,"y":709.7646833283109,"vx":2.240314777803506,"vy":-0.0751913447942247,"goals":{"home":0,"away":0},"ball":{"x":540.1407268394574,"y":316.72712546323623,"vx":9.810244751241807,"vy":-4.633373618922964},"t":1773868937397,"pid":"7c44a070-0ea8-4132-9c49-d837bbdf1bcc","slot":0}