{"x":690.6498408679876,"y":117.12680987984312,"vx":-1.380244284150427,"vy":5.50143318937906,"goals":{"home":0,"away":0},"ball":{"x":681.7810486255507,"y":206.79729109497146,"vx":-0.9132646410651628,"vy":-0.06087389717346822},"t":1773868897062,"pid":"7c44a070-0ea8-4132-9c49-d837bbdf1bcc","slot":0}