{"x":336.43875465276204,"y":387.22088872361496,"vx":1.1518249078776894,"vy":1.7729942924405997,"goals":{"home":0,"away":0},"ball":{"x":324.62813514364643,"y":30.201617556315394,"vx":-0.19604053846029276,"vy":0.29883297889646654},"t":1773868923613,"pid":"7c44a070-0ea8-4132-9c49-d837bbdf1bcc","slot":0}