{"x":268.7343080236603,"y":474.1379626450152,"vx":-0.024525146840459235,"vy":0.37975479084513103,"goals":{"home":0,"away":0},"ball":{"x":333.26815438378856,"y":452.0678180831911,"vx":-0.0020293459966379593,"vy":-0.00064045009061168},"t":1773868996813,"pid":"7c44a070-0ea8-4132-9c49-d837bbdf1bcc","slot":0}