{"x":895.8883997604246,"y":299.2805997985589,"vx":8.442137149130895,"vy":-11.961452811733414,"goals":{"home":0,"away":0},"ball":{"x":952.2732241103076,"y":100.43720330054752,"vx":-0.2734795301554962,"vy":0.1291642433464799},"t":1773868942966,"pid":"7c44a070-0ea8-4132-9c49-d837bbdf1bcc","slot":0}