{"x":326.987856238554,"y":494.6181714477275,"vx":-0.5721030864751975,"vy":-1.3415492178151778,"goals":{"home":0,"away":0},"ball":{"x":481.2059197751259,"y":498.75613806743223,"vx":-1.4963502085354,"vy":-0.4722396418506224},"t":1773868985863,"pid":"7c44a070-0ea8-4132-9c49-d837bbdf1bcc","slot":0}