{"x":63.10154084965541,"y":649.7868380001839,"vx":-4.37484883084353,"vy":5.2044187394890145,"goals":{"home":0,"away":0},"ball":{"x":23.01967039649835,"y":748.0250490056058,"vx":-0.6979127453199474,"vy":-0.24151834032744166},"t":1773868952713,"pid":"7c44a070-0ea8-4132-9c49-d837bbdf1bcc","slot":0}