{"x":316.5472511127254,"y":470.1355459013962,"vx":-0.022597553536846806,"vy":-0.05298997853459008,"goals":{"home":0,"away":0},"ball":{"x":411.7148905015564,"y":476.82516322692237,"vx":-0.7944206199134832,"vy":-0.25071464346163286},"t":1773868986911,"pid":"7c44a070-0ea8-4132-9c49-d837bbdf1bcc","slot":0}