{"x":260.50351719590475,"y":9.28668384925939,"vx":-0.47658364702455197,"vy":-0.8357317668038232,"goals":{"home":0,"away":0},"ball":{"x":314.63284080441434,"y":45.437872291172944,"vx":-0.09507796937714211,"vy":0.1449314159181072},"t":1773868924815,"pid":"7c44a070-0ea8-4132-9c49-d837bbdf1bcc","slot":0}