{"x":925.4781189984379,"y":592.0310283264354,"vx":6.6103942367295385,"vy":-8.435696965440824,"goals":{"home":0,"away":0},"ball":{"x":988.9848111859078,"y":519.7503144317907,"vx":0.6085963121828636,"vy":0.7765779422901568},"t":1773868930946,"pid":"7c44a070-0ea8-4132-9c49-d837bbdf1bcc","slot":0}