{"x":184.26212966184403,"y":759.6072085336907,"vx":-5.715960785165735,"vy":-2.2680490239577464,"goals":{"home":0,"away":0},"ball":{"x":222.26608493678924,"y":745.0716800651325,"vx":-2.7105027911814736,"vy":1.1724892186897584},"t":1773868950464,"pid":"7c44a070-0ea8-4132-9c49-d837bbdf1bcc","slot":0}