{"x":700.9908236663873,"y":497.1276597214466,"vx":-1.7544650293515185,"vy":14.58544087808064,"goals":{"home":0,"away":0},"ball":{"x":595.9419319270946,"y":635.9680648655767,"vx":-3.6346651303290582,"vy":5.735052394039271},"t":1773868947750,"pid":"7c44a070-0ea8-4132-9c49-d837bbdf1bcc","slot":0}