{"x":269.24642690249,"y":25.643935572359997,"vx":6.819628023579337,"vy":0.30439231400804434,"goals":{"home":0,"away":0},"ball":{"x":543.924619659805,"y":22.34760902214027,"vx":4.035270797076365,"vy":1.1383281823724998},"t":1773868927349,"pid":"7c44a070-0ea8-4132-9c49-d837bbdf1bcc","slot":0}