{"x":800.9213230718157,"y":763.5669902416437,"vx":-21.405739607960772,"vy":-0.08672183782130606,"goals":{"home":0,"away":0},"ball":{"x":589.357499014379,"y":771.9410051176309,"vx":-0.387884909243964,"vy":0.6168279388635124},"t":1773868936063,"pid":"7c44a070-0ea8-4132-9c49-d837bbdf1bcc","slot":0}