{"x":461.30673022137313,"y":305.9410158501722,"vx":-10.159915788825366,"vy":-2.017774325215737,"goals":{"home":0,"away":0},"ball":{"x":371.2106764876846,"y":464.0422629337659,"vx":-0.38528714502589007,"vy":-0.12159443848025549},"t":1773868988112,"pid":"7c44a070-0ea8-4132-9c49-d837bbdf1bcc","slot":0}