{"x":927.4581215182993,"y":722.3255172880444,"vx":3.5463635666885023,"vy":0.000339973572883822,"goals":{"home":0,"away":0},"ball":{"x":1042.7625196402219,"y":697.6904650207431,"vx":-0.0710288126241332,"vy":-0.04180014242524226},"t":1773868906511,"pid":"7c44a070-0ea8-4132-9c49-d837bbdf1bcc","slot":0}