{"x":996.8356732301244,"y":224.68568831612737,"vx":-0.031040653406665442,"vy":15.894777004972742,"goals":{"home":0,"away":0},"ball":{"x":1013.0543130668847,"y":636.8001405503817,"vx":-0.06539511551557209,"vy":10.374989034279682},"t":1773868909817,"pid":"7c44a070-0ea8-4132-9c49-d837bbdf1bcc","slot":0}