{"x":883.1428266835214,"y":190.71761051012925,"vx":0.412140361572878,"vy":1.5358145595038148,"goals":{"home":0,"away":0},"ball":{"x":859.1529931197432,"y":210.81129644122686,"vx":-0.400524331640469,"vy":0.26805517259489137},"t":1773868894811,"pid":"7c44a070-0ea8-4132-9c49-d837bbdf1bcc","slot":0}