{"x":1081.6500420883415,"y":217.52995924033468,"vx":-6.133858383822002,"vy":-28.032954468367763,"goals":{"home":0,"away":0},"ball":{"x":1000.8881690935373,"y":99.11634224031454,"vx":5.156230183018776,"vy":-2.4352848994995133},"t":1773868938468,"pid":"7c44a070-0ea8-4132-9c49-d837bbdf1bcc","slot":0}