{"x":1073.177982606075,"y":148.82535185501655,"vx":-0.4247889394214472,"vy":-0.8340716039667362,"goals":{"home":0,"away":0},"ball":{"x":958.4003497797662,"y":185.0763564422825,"vx":-4.115590472530703,"vy":6.544753683058956},"t":1773868932147,"pid":"7c44a070-0ea8-4132-9c49-d837bbdf1bcc","slot":0}