{"x":58.72309460344947,"y":711.0722300160792,"vx":-19.733643150513387,"vy":-3.6461282087160027,"goals":{"home":0,"away":0},"ball":{"x":84.06878442970105,"y":769.1515878152682,"vx":-1.3145704628270458,"vy":-0.454917722243223},"t":1773868951667,"pid":"7c44a070-0ea8-4132-9c49-d837bbdf1bcc","slot":0}