{"x":652.1276117609262,"y":622.8657275848495,"vx":-0.014389418450822516,"vy":29.625895087793886,"goals":{"home":0,"away":0},"ball":{"x":712.0970371836281,"y":424.60175140632987,"vx":0.47964110490485984,"vy":4.099825297303592},"t":1773868983447,"pid":"7c44a070-0ea8-4132-9c49-d837bbdf1bcc","slot":0}