{"x":626.1777633834209,"y":472.5661844105339,"vx":0.02822452115571261,"vy":0.020568019757671762,"goals":{"home":0,"away":0},"ball":{"x":1074.0472961862151,"y":724.3082273293726,"vx":3.0226736770351885,"vy":1.7788301048154191},"t":1773868900665,"pid":"7c44a070-0ea8-4132-9c49-d837bbdf1bcc","slot":0}