{"x":190.66864412740333,"y":418.91153918614407,"vx":0.053575429878713235,"vy":-0.3074865719926754,"goals":{"home":0,"away":0},"ball":{"x":160.323546914035,"y":319.4879014187281,"vx":-0.4223807035598931,"vy":-2.4948700531438344},"t":1773868956463,"pid":"7c44a070-0ea8-4132-9c49-d837bbdf1bcc","slot":0}