{"x":107.0631812383567,"y":113.79139007722338,"vx":-0.00016114667814180392,"vy":-0.42428514360534253,"goals":{"home":0,"away":0},"ball":{"x":216.14476429588913,"y":109.51276803795635,"vx":0.5899339917882588,"vy":0.5392470177336642},"t":1773868960213,"pid":"7c44a070-0ea8-4132-9c49-d837bbdf1bcc","slot":0}