{"x":920.6627828288392,"y":472.94673626481705,"vx":5.779012971396841,"vy":0.0005389747953984348,"goals":{"home":0,"away":0},"ball":{"x":1153.0083190717871,"y":762.569630922192,"vx":-1.1846227462763146,"vy":-0.6971452525408997},"t":1773868901845,"pid":"7c44a070-0ea8-4132-9c49-d837bbdf1bcc","slot":0}