{"x":387.1506496771839,"y":424.18733600597125,"vx":-0.16928426852286715,"vy":1.282541874723328,"goals":{"home":0,"away":0},"ball":{"x":457.74761915136014,"y":398.7453822524697,"vx":-0.5320236449028439,"vy":0.42932907065892373},"t":1773868967101,"pid":"7c44a070-0ea8-4132-9c49-d837bbdf1bcc","slot":0}