{"x":107.18311103060341,"y":177.1518107172282,"vx":-0.006473241006915715,"vy":-0.009044124658234164,"goals":{"home":0,"away":0},"ball":{"x":154.1265709407913,"y":52.823161611666976,"vx":1.2163803893144995,"vy":1.111869304867901},"t":1773868959012,"pid":"7c44a070-0ea8-4132-9c49-d837bbdf1bcc","slot":0}