{"x":858.6871774952821,"y":432.67692304807963,"vx":0.4492797925328523,"vy":0.05111389961168458,"goals":{"home":0,"away":0},"ball":{"x":1122.1795301371494,"y":50.52579077248252,"vx":5.259002552019479,"vy":-3.5196434408483688},"t":1773868890916,"pid":"7c44a070-0ea8-4132-9c49-d837bbdf1bcc","slot":0}