{"x":418.89404395842075,"y":325.54514462862295,"vx":0.8057130546435259,"vy":-9.301765567064619,"goals":{"home":0,"away":0},"ball":{"x":393.0308300726179,"y":260.3669903633506,"vx":0.845056883816591,"vy":-3.5429720591693505},"t":1773868919996,"pid":"7c44a070-0ea8-4132-9c49-d837bbdf1bcc","slot":0}