{"x":837.282505292936,"y":218.89546342511878,"vx":-0.3477529380950917,"vy":-2.3548117340565073,"goals":{"home":0,"away":0},"ball":{"x":779.6731875723891,"y":213.32231761235698,"vx":-1.9020741253766618,"vy":-0.12678325593493758},"t":1773868895846,"pid":"7c44a070-0ea8-4132-9c49-d837bbdf1bcc","slot":0}