{"x":605.4402091436033,"y":10.926740234195142,"vx":0.795057742379398,"vy":0.02777389161273739,"goals":{"home":0,"away":0},"ball":{"x":660.8898206184166,"y":45.12841245901461,"vx":0.08809473085276905,"vy":0.13837128576225638},"t":1773868977162,"pid":"7c44a070-0ea8-4132-9c49-d837bbdf1bcc","slot":0}