{"x":605.1722980676007,"y":457.2588981238561,"vx":1.1337753272515196,"vy":0.8262146664249138,"goals":{"home":0,"away":0},"ball":{"x":756.2816424670845,"y":537.3045439988011,"vx":6.232427755006215,"vy":3.667756199063616},"t":1773868899463,"pid":"7c44a070-0ea8-4132-9c49-d837bbdf1bcc","slot":0}