{"x":630.987243062361,"y":276.1612387180506,"vx":0.12221081646780695,"vy":1.5733891004033838,"goals":{"home":0,"away":0},"ball":{"x":591.9438463614747,"y":290.4525609351514,"vx":-1.887541091469659,"vy":1.5231959526520433},"t":1773868964997,"pid":"7c44a070-0ea8-4132-9c49-d837bbdf1bcc","slot":0}