{"x":597.351604296291,"y":692.9155904402224,"vx":-0.009129188403509906,"vy":19.593413899531793,"goals":{"home":0,"away":0},"ball":{"x":164.75688120057063,"y":531.5217938406852,"vx":2.0562215605977454,"vy":0.4761492199703156},"t":1773868915496,"pid":"7c44a070-0ea8-4132-9c49-d837bbdf1bcc","slot":0}