{"x":933.4019786093415,"y":34.32403917958165,"vx":-0.7316987073672191,"vy":6.08017413007094,"goals":{"home":0,"away":0},"ball":{"x":928.2873533676296,"y":111.76571788342353,"vx":-0.031198007502174108,"vy":0.014734803115410222},"t":1773868946562,"pid":"7c44a070-0ea8-4132-9c49-d837bbdf1bcc","slot":0}