{"x":879.996680050211,"y":196.4582191829411,"vx":5.829106479955443,"vy":0.01790585590658499,"goals":{"home":0,"away":0},"ball":{"x":931.6314439498566,"y":110.18630559801443,"vx":-0.06497670025194628,"vy":0.03068846256398694},"t":1773868945346,"pid":"7c44a070-0ea8-4132-9c49-d837bbdf1bcc","slot":0}