{"x":945.7338318229731,"y":627.4961211824267,"vx":-18.05317340577912,"vy":-3.8734199040585917,"goals":{"home":0,"away":0},"ball":{"x":729.668724141101,"y":548.8132635330903,"vx":-1.805170011534087,"vy":2.8706435104245314},"t":1773868933515,"pid":"7c44a070-0ea8-4132-9c49-d837bbdf1bcc","slot":0}