{"x":1027.730606243754,"y":474.7379718555234,"vx":0.1438643706118887,"vy":3.656263417389803,"goals":{"home":0,"away":0},"ball":{"x":1092.6093162789068,"y":727.0250846203268,"vx":-0.5745318089744916,"vy":-0.33810943130993815},"t":1773868903047,"pid":"7c44a070-0ea8-4132-9c49-d837bbdf1bcc","slot":0}