{"x":329.6957850580245,"y":482.3185456282937,"vx":0.516976061877197,"vy":-0.050802208274766336,"goals":{"home":0,"away":0},"ball":{"x":340.55448023616447,"y":454.36734121040143,"vx":-0.07562859703074098,"vy":-0.02386795642606898},"t":1773868990813,"pid":"7c44a070-0ea8-4132-9c49-d837bbdf1bcc","slot":0}