{"x":300.23200504962574,"y":424.0585963988507,"vx":8.924303043275353,"vy":-11.34109080873388,"goals":{"home":0,"away":0},"ball":{"x":333.16468644439277,"y":452.0351641881572,"vx":-0.0009842152956698312,"vy":-0.00031061276703797024},"t":1773868998013,"pid":"7c44a070-0ea8-4132-9c49-d837bbdf1bcc","slot":0}