{"x":866.9998036087694,"y":206.3898296941802,"vx":-1.2382268450191116,"vy":-1.7890390817620272,"goals":{"home":0,"away":0},"ball":{"x":1023.5467526056763,"y":100.78902290783964,"vx":-2.0610673567509057,"vy":1.379391268891733},"t":1773868892096,"pid":"7c44a070-0ea8-4132-9c49-d837bbdf1bcc","slot":0}