{"x":114.89916791142058,"y":187.93234248262678,"vx":-0.412581497892028,"vy":-0.576440533363424,"goals":{"home":0,"away":0},"ball":{"x":2.7454822948292685,"y":106.31631629316207,"vx":2.7454822948292685,"vy":-3.136988968968081},"t":1773868957664,"pid":"7c44a070-0ea8-4132-9c49-d837bbdf1bcc","slot":0}