{"x":658.4297814462532,"y":37.106669027703326,"vx":-0.34608255978381663,"vy":4.20531922238056,"goals":{"home":0,"away":0},"ball":{"x":671.0353888736556,"y":73.61935484212928,"vx":0.8944052292480177,"vy":7.64510203027532},"t":1773868982411,"pid":"7c44a070-0ea8-4132-9c49-d837bbdf1bcc","slot":0}