{"x":441.3601836516978,"y":685.7951288714546,"vx":0.06207136677249224,"vy":-16.669453466542056,"goals":{"home":0,"away":0},"ball":{"x":380.5955532122972,"y":68.87898647155316,"vx":-0.7613679936991912,"vy":-1.450732252755717},"t":1773868921363,"pid":"7c44a070-0ea8-4132-9c49-d837bbdf1bcc","slot":0}