{"x":627.0832618899096,"y":245.524184167382,"vx":0.05311247326775321,"vy":1.728726975470593,"goals":{"home":0,"away":0},"ball":{"x":949.247905362948,"y":228.56682179451093,"vx":-4.405078154325283,"vy":0.48602922944579446},"t":1773868962463,"pid":"7c44a070-0ea8-4132-9c49-d837bbdf1bcc","slot":0}