{"x":715.8554232214327,"y":577.9877464956588,"vx":-0.4138171382056976,"vy":-0.10442158875894492,"goals":{"home":0,"away":0},"ball":{"x":638.5132420377122,"y":548.4014370769968,"vx":-3.0853130596726333,"vy":-0.9737073086138998},"t":1773868984661,"pid":"7c44a070-0ea8-4132-9c49-d837bbdf1bcc","slot":0}