{"x":587.5554977550197,"y":101.05282375326377,"vx":2.13352111194618,"vy":-0.04251721326002726,"goals":{"home":0,"away":0},"ball":{"x":905.4230465734781,"y":177.4718600740862,"vx":11.353496227765664,"vy":1.0021399538945293},"t":1773868961262,"pid":"7c44a070-0ea8-4132-9c49-d837bbdf1bcc","slot":0}