{"x":623.0345710042689,"y":42.84680029259788,"vx":5.494038697081184,"vy":1.9466155214940413,"goals":{"home":0,"away":0},"ball":{"x":599.7719040920239,"y":63.1972926725861,"vx":0.7054474230385488,"vy":-1.3850667630543965},"t":1773868973711,"pid":"7c44a070-0ea8-4132-9c49-d837bbdf1bcc","slot":0}