{"x":197.19930774871406,"y":505.6087333593088,"vx":-0.00952513236961218,"vy":-5.0266015625387315,"goals":{"home":0,"away":0},"ball":{"x":333.9300053064981,"y":452.27669448185526,"vx":-0.008714708852295213,"vy":-0.002750312703380077},"t":1773868994396,"pid":"7c44a070-0ea8-4132-9c49-d837bbdf1bcc","slot":0}