{"x":465.3639924967989,"y":304.8748301929789,"vx":-4.2857759958710275,"vy":0.06214744382819915,"goals":{"home":0,"away":0},"ball":{"x":504.2857750796403,"y":361.19031599499687,"vx":-1.0021060280167862,"vy":0.8086731742697638},"t":1773868966046,"pid":"7c44a070-0ea8-4132-9c49-d837bbdf1bcc","slot":0}