{"x":603.7974151295937,"y":353.4025149907288,"vx":-0.34838239015628164,"vy":-0.037476866284321154,"goals":{"home":0,"away":0},"ball":{"x":52.24843395612409,"y":453.3864155366976,"vx":-5.495167053529222,"vy":-0.7261129103557865},"t":1773868914316,"pid":"7c44a070-0ea8-4132-9c49-d837bbdf1bcc","slot":0}