{"x":268.0603839204078,"y":161.31565058782397,"vx":1.000686525370027,"vy":0.5377436680085633,"goals":{"home":0,"away":0},"ball":{"x":309.8313213011878,"y":52.75703386687584,"vx":-0.046577772374853575,"vy":0.07100049091100753},"t":1773868925995,"pid":"7c44a070-0ea8-4132-9c49-d837bbdf1bcc","slot":0}