{"x":601.4895576284349,"y":253.70484558963386,"vx":-0.2126027500601581,"vy":1.1804994812578575,"goals":{"home":0,"away":0},"ball":{"x":597.4517058353872,"y":351.84204311655697,"vx":-0.959002924357386,"vy":1.994957861142769},"t":1773868898263,"pid":"7c44a070-0ea8-4132-9c49-d837bbdf1bcc","slot":0}