{"x":918.8768577535632,"y":644.2730578898189,"vx":-3.7115365052846254,"vy":0.014859433584051274,"goals":{"home":0,"away":0},"ball":{"x":1155.5706827558117,"y":612.6581626751001,"vx":-1.089740757701239,"vy":-0.14442995645803222},"t":1773868912047,"pid":"7c44a070-0ea8-4132-9c49-d837bbdf1bcc","slot":0}