{"x":617.6261589803731,"y":11.520653985072194,"vx":0.1536919614968111,"vy":0.0007328927706423873,"goals":{"home":0,"away":0},"ball":{"x":668.7725398628943,"y":57.50987939356059,"vx":0.00847130414087089,"vy":0.013305963191084406},"t":1773868981051,"pid":"7c44a070-0ea8-4132-9c49-d837bbdf1bcc","slot":0}