{"x":301.6871888690987,"y":417.04713319172737,"vx":2.4537926161132066,"vy":-0.21665797715856358,"goals":{"home":0,"away":0},"ball":{"x":414.42745029809646,"y":433.7036176857008,"vx":-0.09444618173855994,"vy":0.0762155814343638},"t":1773868969961,"pid":"7c44a070-0ea8-4132-9c49-d837bbdf1bcc","slot":0}