{"x":254.59674527018475,"y":443.52423654584567,"vx":-0.6927629839439473,"vy":2.13981026736153,"goals":{"home":0,"away":0},"ball":{"x":424.5510643416293,"y":425.53412775670836,"vx":-0.19670490945101515,"vy":0.15873568172721766},"t":1773868968746,"pid":"7c44a070-0ea8-4132-9c49-d837bbdf1bcc","slot":0}