{"x":505.5504165612916,"y":436.9189251867426,"vx":-1.447584753288432,"vy":-11.204356768194593,"goals":{"home":0,"away":0},"ball":{"x":511.9774938728262,"y":235.5717540503102,"vx":1.592259647474886,"vy":-3.1262229385869666},"t":1773868972364,"pid":"7c44a070-0ea8-4132-9c49-d837bbdf1bcc","slot":0}