{"x":855.6070553306739,"y":12.663391190563349,"vx":-24.56713327182791,"vy":0.15031386024223742,"goals":{"home":0,"away":0},"ball":{"x":1040.3031697845033,"y":58.86070461936904,"vx":-1.162670900601922,"vy":0.5491288764896965},"t":1773868940563,"pid":"7c44a070-0ea8-4132-9c49-d837bbdf1bcc","slot":0}