{"x":286.9865971760803,"y":412.3619656900223,"vx":-0.9851719443362574,"vy":-0.11887694836576032,"goals":{"home":0,"away":0},"ball":{"x":333.48149413731295,"y":452.13514689981605,"vx":-0.0041842930019368825,"vy":-0.0013205391474277925},"t":1773868995611,"pid":"7c44a070-0ea8-4132-9c49-d837bbdf1bcc","slot":0}