{"x":829.1011582266635,"y":715.7627834088803,"vx":-0.6519541548043705,"vy":0.34574701984469924,"goals":{"home":0,"away":0},"ball":{"x":1063.0404646115871,"y":709.6239460487822,"vx":-0.27585653960762596,"vy":-0.16234035482968864},"t":1773868904262,"pid":"7c44a070-0ea8-4132-9c49-d837bbdf1bcc","slot":0}