{"x":940.6446884224628,"y":505.4309217075094,"vx":0.0915545162509028,"vy":-1.7371916870441788,"goals":{"home":0,"away":0},"ball":{"x":1116.168961564446,"y":478.2202298099579,"vx":-0.11780551314291327,"vy":0.13419025778406216},"t":1773944024626,"pid":"9268985a-2585-4bea-b3d1-c9ad6d1b89da","slot":0,"seq":1630,"echo":1773944024626}