{"x":421.0307064110645,"y":140.09018721193974,"vx":-0.0023174861850975186,"vy":-0.0005008991903502785,"goals":{"home":0,"away":0},"ball":{"x":522.9432852585352,"y":10.654453890383484,"vx":-0.16293209866697161,"vy":0.06415038017822042},"t":1773944008642,"pid":"9268985a-2585-4bea-b3d1-c9ad6d1b89da","slot":0,"seq":671,"echo":1773944008642}