{"x":672.5273257210819,"y":285.32244909432865,"vx":0.025939963012414153,"vy":0.01457921992963203,"goals":{"home":0,"away":0},"ball":{"x":1057.2307555850193,"y":322.0632568718312,"vx":-0.18740517210356866,"vy":-0.08739723239373115},"t":1773944013759,"pid":"9268985a-2585-4bea-b3d1-c9ad6d1b89da","slot":0,"seq":978,"echo":1773944013759}