{"x":1011.830738030886,"y":315.76388087126463,"vx":15.254758729097167,"vy":3.085079071616664,"goals":{"home":0,"away":0},"ball":{"x":1177.2009066926291,"y":372.6708574464992,"vx":1.2129210032958615,"vy":0.16377480074477402},"t":1773944002240,"pid":"9268985a-2585-4bea-b3d1-c9ad6d1b89da","slot":0,"seq":287,"echo":1773944002240}