{"x":1101.9441413038367,"y":267.0201614692071,"vx":-0.49811317706489494,"vy":-0.08805723911391183,"goals":{"home":0,"away":0},"ball":{"x":1104.3721348717766,"y":355.5408195618812,"vx":-0.6234228558498204,"vy":-0.12776291065355053},"t":1773944015975,"pid":"9268985a-2585-4bea-b3d1-c9ad6d1b89da","slot":0,"seq":1111,"echo":1773944015975}