{"x":873.7758441004214,"y":403.652502650034,"vx":-0.9969864751203922,"vy":0.015581938167959197,"goals":{"home":0,"away":0},"ball":{"x":978.3139172518446,"y":589.8690882309673,"vx":-0.9137136208482602,"vy":1.2887809873745004},"t":1773944020175,"pid":"9268985a-2585-4bea-b3d1-c9ad6d1b89da","slot":0,"seq":1363,"echo":1773944020175}