{"x":832.1646906302111,"y":424.80096880705105,"vx":-0.3909482345612505,"vy":0.014721122119578487,"goals":{"home":0,"away":0},"ball":{"x":735.8736488429774,"y":91.26300163322333,"vx":-2.31374385204518,"vy":-1.138722426075633},"t":1773944004240,"pid":"9268985a-2585-4bea-b3d1-c9ad6d1b89da","slot":0,"seq":407,"echo":1773944004240}