{"x":553.698648183965,"y":94.99655683902351,"vx":0.03008088601855938,"vy":0.03173144389307468,"goals":{"home":0,"away":0},"ball":{"x":1110.0123192336487,"y":346.6781729519192,"vx":-0.7205522796654802,"vy":-0.3360327483542141},"t":1773944011523,"pid":"9268985a-2585-4bea-b3d1-c9ad6d1b89da","slot":0,"seq":844,"echo":1773944011523}