{"x":915.9076960218634,"y":676.9766878807766,"vx":0.14350148470348023,"vy":-0.7659162224792987,"goals":{"home":0,"away":0},"ball":{"x":1139.1730490799903,"y":450.97627704806956,"vx":3.4920411373874254,"vy":-3.491799572353074},"t":1773944022459,"pid":"9268985a-2585-4bea-b3d1-c9ad6d1b89da","slot":0,"seq":1500,"echo":1773944022459}