{"x":754.5567265046432,"y":303.85962598101133,"vx":6.1979127660001865,"vy":-0.7382924829115354,"goals":{"home":0,"away":0},"ball":{"x":789.1690086575627,"y":324.2538758396577,"vx":2.5830487757435074,"vy":-1.034291687989275},"t":1773943999823,"pid":"9268985a-2585-4bea-b3d1-c9ad6d1b89da","slot":0,"seq":142,"echo":1773943999823}