{"x":838.626327215576,"y":267.5304740087661,"vx":4.353595729539148,"vy":1.4678418059248708,"goals":{"home":0,"away":0},"ball":{"x":1059.7032109000656,"y":346.3864684038566,"vx":-0.17222160361031616,"vy":-0.03529471713814831},"t":1773944018106,"pid":"9268985a-2585-4bea-b3d1-c9ad6d1b89da","slot":0,"seq":1239,"echo":1773944018106}