{"x":942.3362414139775,"y":473.33472465044065,"vx":0.002525411434353585,"vy":-0.04791815772476548,"goals":{"home":0,"away":0},"ball":{"x":1110.2773932627956,"y":484.9312151285463,"vx":-0.05829472221715376,"vy":0.06640252729327158},"t":1773944025792,"pid":"9268985a-2585-4bea-b3d1-c9ad6d1b89da","slot":0,"seq":1700,"echo":1773944025792}