{"x":543.2640876574197,"y":151.96357978996508,"vx":-3.93565334125643,"vy":-0.6254162980337808,"goals":{"home":0,"away":0},"ball":{"x":572.0283526344973,"y":10.625590955855934,"vx":-0.6587408600403294,"vy":-0.32420312630424447},"t":1773944006323,"pid":"9268985a-2585-4bea-b3d1-c9ad6d1b89da","slot":0,"seq":532,"echo":1773944006323}