{"x":1016.6256337190431,"y":343.4854731160315,"vx":-0.911488542108202,"vy":15.861444914761675,"goals":{"home":0,"away":0},"t":1773867624817,"pid":"1c7e3644-194b-489e-830d-d3f6a70dae55"}