{"x":968.6259056954525,"y":693.4556044656742,"vx":5.737511170832391,"vy":2.2046020488398415,"goals":{"home":0,"away":0},"ball":{"x":1020.5140789513047,"y":636.1919011647916,"vx":9.524664605258012,"vy":-3.5438161238134334},"t":1773866703939,"pid":"828302ab-d9d5-4a8d-8f33-1e686f7b3b07"}