{"x":742.4665081122938,"y":132.81675232401201,"vx":1.6579439637260245,"vy":-5.655507255266767,"goals":{"home":0,"away":0},"ball":{"x":878.2468952297537,"y":145.69563570033387,"vx":-0.2919047087710541,"vy":0.17509819998373718},"t":1773866684587,"pid":"828302ab-d9d5-4a8d-8f33-1e686f7b3b07"}