{"x":155.00585276830338,"y":429.38457325697954,"vx":0.07242573976036541,"vy":-0.7170396714617409,"goals":{"home":0,"away":0},"ball":{"x":10.568697113463772,"y":464.5519737538774,"vx":2.0714667648869565,"vy":-1.5030217478283245},"t":1773867804370,"pid":"e06b11d8-43ae-4784-8001-6f74a1bf28e8"}