{"x":592.1219437134687,"y":662.2716941378168,"vx":-0.002809087509654862,"vy":-0.0015321218214115566,"goals":{"home":0,"away":0},"ball":{"x":560.772545771383,"y":633.6816405405576,"vx":-0.23682764169626636,"vy":-0.14621820033318936},"t":1773866796025,"pid":"828302ab-d9d5-4a8d-8f33-1e686f7b3b07"}