{"x":1114.0098010312404,"y":499.79804811169566,"vx":8.794700693740173,"vy":4.035765193813215,"goals":{"home":0,"away":0},"ball":{"x":1055.6263813937214,"y":572.2999353239782,"vx":-0.42944048604859275,"vy":0.3282264368750727},"t":1773867798823,"pid":"e06b11d8-43ae-4784-8001-6f74a1bf28e8"}