{"x":456.4309524879318,"y":314.2093822741386,"vx":-4.024250773065675e-55,"vy":0.22903305904660023,"goals":{"home":1,"away":1},"t":1773867878174,"pid":"1c7e3644-194b-489e-830d-d3f6a70dae55"}