{"x":58.528915600356186,"y":112.82018735912038,"vx":3.3862994110286944,"vy":-8.876351479294213,"goals":{"home":0,"away":0},"t":1773867738976,"pid":"1c7e3644-194b-489e-830d-d3f6a70dae55"}