{"x":810.6358359279376,"y":109.80138252768376,"vx":14.014878916805056,"vy":7.322441858709967,"goals":{"home":0,"away":0},"t":1773867634261,"pid":"1c7e3644-194b-489e-830d-d3f6a70dae55"}