{"x":1090.1921625665218,"y":387.75548438167743,"vx":3.7022397123845945,"vy":-0.0787428130766778,"goals":{"home":0,"away":0},"ball":{"x":1091.1912416488578,"y":480.39367195377935,"vx":8.088812841446392,"vy":1.5608734578116739},"t":1773866755537,"pid":"828302ab-d9d5-4a8d-8f33-1e686f7b3b07"}