{"x":304.673609181646,"y":156.753209974566,"vx":-2.4876053404968816,"vy":-4.637916087768681,"goals":{"home":0,"away":0},"ball":{"x":417.1879634653974,"y":28.94294817571048,"vx":0.6803607894852609,"vy":-2.1657472719958846},"t":1773867616418,"pid":"e06b11d8-43ae-4784-8001-6f74a1bf28e8"}