{"x":513.390652793236,"y":271.837000543238,"vx":5.359351745014349,"vy":11.612384263610162,"goals":{"home":1,"away":1},"t":1773867899026,"pid":"1c7e3644-194b-489e-830d-d3f6a70dae55"}