{"x":458.6223419236907,"y":271.5421802183328,"vx":-7.5349969018329395,"vy":0.07252638302507089,"goals":{"home":0,"away":0},"ball":{"x":236.60147759564842,"y":63.43300849033234,"vx":-0.4521905659506561,"vy":-0.07251845710807028},"t":1773867729670,"pid":"e06b11d8-43ae-4784-8001-6f74a1bf28e8"}