{"x":828.0639387608886,"y":722.0885578537481,"vx":-7.2414850022585915,"vy":4.582827806476221,"goals":{"home":0,"away":0},"ball":{"x":878.0277933590712,"y":759.8885402908853,"vx":-3.7465155159660837,"vy":-0.2694887676311108},"t":1773866784339,"pid":"828302ab-d9d5-4a8d-8f33-1e686f7b3b07"}