{"x":12.399949885762403,"y":113.05154874508271,"vx":1.5108103333869716,"vy":0.5866366751673591,"goals":{"home":0,"away":0},"t":1773867728929,"pid":"1c7e3644-194b-489e-830d-d3f6a70dae55"}