{"x":221.56951885893776,"y":431.96243480628044,"vx":-0.000529590511434995,"vy":0.006810185924146718,"goals":{"home":0,"away":0},"ball":{"x":60.891020336439766,"y":387.364174281873,"vx":-0.9682603007994,"vy":-0.3888975158140736},"t":1773867718116,"pid":"e06b11d8-43ae-4784-8001-6f74a1bf28e8"}