{"x":1035.4754258376297,"y":533.7496700104543,"vx":-2.099584189237476,"vy":-0.13692017965744135,"goals":{"home":0,"away":0},"ball":{"x":1090.8671184703771,"y":486.32746202256,"vx":-0.10894657149735464,"vy":-1.1178165744216613},"t":1773867773625,"pid":"e06b11d8-43ae-4784-8001-6f74a1bf28e8"}