{"x":635.2497408176633,"y":247.22708200483288,"vx":6.992421974537943,"vy":3.657425262177724,"goals":{"home":1,"away":1},"t":1773867894971,"pid":"1c7e3644-194b-489e-830d-d3f6a70dae55"}