{"x":286.66616426593856,"y":244.7110599188172,"vx":7.335062027534914,"vy":-0.5364038928116237,"goals":{"home":0,"away":0},"ball":{"x":353.80115205283784,"y":231.33285487771857,"vx":-0.02993107479425974,"vy":-0.012981586790716286},"t":1773867615224,"pid":"e06b11d8-43ae-4784-8001-6f74a1bf28e8"}