{"x":456.4309524879318,"y":269.8040736024615,"vx":-2.5649151793835074e-53,"vy":-1.183845431917767,"goals":{"home":1,"away":1},"t":1773867876820,"pid":"1c7e3644-194b-489e-830d-d3f6a70dae55"}