{"x":456.4309524879318,"y":342.31101039602396,"vx":-6.716027203147404e-46,"vy":8.844088573707463e-30,"goals":{"home":1,"away":1},"t":1773867871272,"pid":"1c7e3644-194b-489e-830d-d3f6a70dae55"}