{"x":3.999018821402239,"y":247.72819277296668,"vx":0.006293978342064165,"vy":14.023227183134933,"goals":{"home":0,"away":0},"t":1773867737775,"pid":"1c7e3644-194b-489e-830d-d3f6a70dae55"}