{"x":882.918699743994,"y":51.45592503766947,"vx":-0.022311255789990173,"vy":2.337745214745137,"goals":{"home":0,"away":0},"t":1773867642245,"pid":"1c7e3644-194b-489e-830d-d3f6a70dae55"}