{"x":1094.6891157569078,"y":82.99062187922006,"vx":7.546256962771579,"vy":-7.324202180414674,"goals":{"home":0,"away":0},"ball":{"x":1168.1938176440685,"y":326.6539674657108,"vx":-0.6860147529996811,"vy":0.4062973581375035},"t":1773866690122,"pid":"828302ab-d9d5-4a8d-8f33-1e686f7b3b07"}