{"x":144.59842858140718,"y":350.15268111259184,"vx":1.0136662735544455,"vy":-0.06174298456701422,"goals":{"home":0,"away":1},"t":1773867810224,"pid":"1c7e3644-194b-489e-830d-d3f6a70dae55"}