{"x":790.8758102500502,"y":671.8691585865948,"vx":2.9942655112586474,"vy":-8.304037784558421,"goals":{"home":0,"away":0},"t":1773867665777,"pid":"1c7e3644-194b-489e-830d-d3f6a70dae55"}