{"x":999.1701713533503,"y":450.60918816147273,"vx":0.277697260678416,"vy":0.9042917057665455,"goals":{"home":0,"away":0},"ball":{"x":1149.845354705099,"y":464.7961107604828,"vx":0.5329731706405098,"vy":1.5971325777627317},"t":1773867778875,"pid":"e06b11d8-43ae-4784-8001-6f74a1bf28e8"}