{"x":221.80146494336148,"y":428.9797605981964,"vx":-0.0127372791653138,"vy":0.16379303898120295,"goals":{"home":0,"away":0},"ball":{"x":143.7829233392476,"y":420.65734465380547,"vx":-1.8055522503227122,"vy":-0.7251921660356152},"t":1773867717079,"pid":"e06b11d8-43ae-4784-8001-6f74a1bf28e8"}