{"x":259.8160723333094,"y":704.6324929899907,"vx":14.092886509954077,"vy":-8.872891483391882,"goals":{"home":0,"away":0},"ball":{"x":354.4017121425341,"y":632.7043545983456,"vx":4.737622634048882,"vy":-4.055223276479298},"t":1773867749323,"pid":"e06b11d8-43ae-4784-8001-6f74a1bf28e8"}