{"x":456.4309524879318,"y":341.8187426704127,"vx":-1.9674654990344462e-18,"vy":0.025908827663800524,"goals":{"home":1,"away":1},"t":1773867850727,"pid":"1c7e3644-194b-489e-830d-d3f6a70dae55"}