{"x":450.6460816837341,"y":202.196421924072,"vx":-4.19306893049881e-12,"vy":-1.7382495618982468,"goals":{"home":1,"away":1},"t":1773867888826,"pid":"1c7e3644-194b-489e-830d-d3f6a70dae55"}