{"x":716.2747183477873,"y":589.7843643209757,"vx":-0.001700459876281877,"vy":-0.34385398483472,"goals":{"home":0,"away":0},"ball":{"x":775.1180696659897,"y":607.7581020075107,"vx":-0.17671889050783643,"vy":-1.1969568837013331},"t":1773866746392,"pid":"828302ab-d9d5-4a8d-8f33-1e686f7b3b07"}