{"x":0,"y":355.01639413154606,"vx":-0.8474576378676966,"vy":-0.11391198009668242,"goals":{"home":0,"away":1},"ball":{"x":600,"y":400,"vx":0,"vy":0},"t":1773867815023,"pid":"e06b11d8-43ae-4784-8001-6f74a1bf28e8"}