{"x":592.0697701791083,"y":662.2432378472175,"vx":-0.00006311201700616022,"vy":-0.000034422316184915086,"goals":{"home":0,"away":0},"ball":{"x":548.471401697502,"y":626.0868718909213,"vx":-0.11257366115201567,"vy":-0.06950336548837709},"t":1773866988625,"pid":"828302ab-d9d5-4a8d-8f33-1e686f7b3b07"}