{"x":32.079468049986254,"y":272.885877145314,"vx":0.5268425947487257,"vy":0.0018054921313209289,"goals":{"home":0,"away":0},"ball":{"x":213.54615526487382,"y":59.73559299905148,"vx":-0.21930852220545785,"vy":-0.035170825883011105},"t":1773867730863,"pid":"e06b11d8-43ae-4784-8001-6f74a1bf28e8"}