{"x":123.47815596378496,"y":423.74987615005745,"vx":4.625259569218776,"vy":-3.935279565486261,"goals":{"home":0,"away":1},"t":1773867808877,"pid":"1c7e3644-194b-489e-830d-d3f6a70dae55"}