{"x":718.9248770259809,"y":454.91675254934967,"vx":-15.974497042999387,"vy":-0.9550566566364106,"goals":{"home":0,"away":0},"t":1773867712432,"pid":"1c7e3644-194b-489e-830d-d3f6a70dae55"}