{"x":733.766341554444,"y":398.8125,"vx":-0.0008600818128785953,"vy":-2.4375,"goals":{"home":0,"away":0},"t":1773867614784,"pid":"1c7e3644-194b-489e-830d-d3f6a70dae55"}