{"x":541.046616951644,"y":393.7430284762087,"vx":-0.002489989771723841,"vy":0.0008787619701580095,"goals":{"home":0,"away":0},"ball":{"x":988.9366350786346,"y":217.44174024172565,"vx":-1.1079561569698473,"vy":-0.5465303204213053},"t":1773867633675,"pid":"e06b11d8-43ae-4784-8001-6f74a1bf28e8"}