{"x":377.57859700754415,"y":406.80975910122373,"vx":-2.1425366991331147,"vy":0.06666762793307351,"goals":{"home":1,"away":1},"ball":{"x":600,"y":400,"vx":0,"vy":0},"t":1773867816973,"pid":"e06b11d8-43ae-4784-8001-6f74a1bf28e8"}