{"x":61.29262617469051,"y":667.7807266492078,"vx":1.2383418125605345,"vy":-0.461824408265532,"goals":{"home":0,"away":0},"t":1773867719028,"pid":"1c7e3644-194b-489e-830d-d3f6a70dae55"}