{"x":631.5535703203741,"y":377.8629775632085,"vx":-7.06690671217223,"vy":-0.044399558305908096,"goals":{"home":0,"away":0},"ball":{"x":580.8328969089525,"y":329.80016085841186,"vx":-2.3231810228358145,"vy":-1.0076008391209526},"t":1773867523117,"pid":"e06b11d8-43ae-4784-8001-6f74a1bf28e8"}