{"x":1121.0128625273142,"y":373.3439462167009,"vx":0.08931845107682762,"vy":0.05151626988312584,"goals":{"home":0,"away":0},"ball":{"x":1150.3150087984272,"y":285.31314940999636,"vx":-1.2265463200003888,"vy":-0.34035045623022653},"t":1773866693440,"pid":"828302ab-d9d5-4a8d-8f33-1e686f7b3b07"}