{"x":915.4344783698751,"y":476.68253055672363,"vx":4.637344549775227,"vy":-0.0000012207263073767576,"goals":{"home":0,"away":0},"ball":{"x":978.5071022662627,"y":508.9907426356251,"vx":2.5517249625657965,"vy":-0.8722716239511454},"t":1773867671026,"pid":"e06b11d8-43ae-4784-8001-6f74a1bf28e8"}