{"x":459.1203260802803,"y":161.52737883065083,"vx":-0.44601286298030435,"vy":-4.597773609612931,"goals":{"home":1,"away":1},"t":1773867880577,"pid":"1c7e3644-194b-489e-830d-d3f6a70dae55"}