{"x":513.380638235656,"y":328.02096633271356,"vx":-3.8701599150379526,"vy":0.19956376431951317,"goals":{"home":1,"away":1},"t":1773867910275,"pid":"1c7e3644-194b-489e-830d-d3f6a70dae55"}