{"x":817.831145285967,"y":273.41447916843714,"vx":1.222712190644223,"vy":10.87182416417736,"goals":{"home":1,"away":1},"ball":{"x":704.5550530886435,"y":161.82954420051243,"vx":0.8778758211881722,"vy":0.7850621497563769},"t":1773867826424,"pid":"e06b11d8-43ae-4784-8001-6f74a1bf28e8"}