{"x":726.8843668046524,"y":341.1865812409935,"vx":0.971953959780478,"vy":-5.009005052591258e-12,"goals":{"home":0,"away":0},"t":1773867758925,"pid":"1c7e3644-194b-489e-830d-d3f6a70dae55"}