{"x":586.6979753515974,"y":138.1737914629898,"vx":15.667178765596907,"vy":-2.2420171230445645,"goals":{"home":0,"away":0},"ball":{"x":1001.6960085513747,"y":175.10971420474982,"vx":-0.6003984230371252,"vy":0.1820203112027151},"t":1773867622117,"pid":"e06b11d8-43ae-4784-8001-6f74a1bf28e8"}