{"x":221.55945762310185,"y":432.09181568677104,"vx":-5.1783231322321684e-8,"vy":6.658983222764843e-7,"goals":{"home":0,"away":0},"ball":{"x":0,"y":308.6996779241882,"vx":0.1262943510844737,"vy":-0.06549686504655239},"t":1773867721113,"pid":"e06b11d8-43ae-4784-8001-6f74a1bf28e8"}