{"x":1148.992957275513,"y":651.6015914536176,"vx":2.1182449963316654,"vy":0.9331367963895528,"goals":{"home":0,"away":0},"t":1773867714528,"pid":"1c7e3644-194b-489e-830d-d3f6a70dae55"}