{"x":355.99408679080386,"y":12.332316964126829,"vx":5.366490210424274,"vy":-9.671401836513695,"goals":{"home":0,"away":0},"ball":{"x":365.6969118870934,"y":84.1362305817314,"vx":-1.756184851722829,"vy":-0.28164191257674753},"t":1773867727418,"pid":"e06b11d8-43ae-4784-8001-6f74a1bf28e8"}