{"x":1057.6431087046128,"y":317.1536319101018,"vx":-2.4671510872315747,"vy":0.5663005553937479,"goals":{"home":0,"away":0},"ball":{"x":1148.5386066238248,"y":273.1984264612806,"vx":-0.4990079893989229,"vy":-0.24058897451608557},"t":1773867626471,"pid":"e06b11d8-43ae-4784-8001-6f74a1bf28e8"}