{"x":783.1689265351723,"y":214.15338751322093,"vx":0.6854106712049921,"vy":-0.21655318871696339,"goals":{"home":0,"away":0},"t":1773867636663,"pid":"1c7e3644-194b-489e-830d-d3f6a70dae55"}