{"x":556.6180168110667,"y":336.0921521571698,"vx":-3.740188351605286,"vy":-0.3144229137308719,"goals":{"home":1,"away":1},"t":1773867820126,"pid":"1c7e3644-194b-489e-830d-d3f6a70dae55"}