{"x":1047.3235390626542,"y":381.8454510894181,"vx":2.158873765042575,"vy":0.05416024978928604,"goals":{"home":0,"away":0},"ball":{"x":1123.299151301981,"y":382.53041618905576,"vx":-0.00847263824730611,"vy":-0.026399807382835417},"t":1773867788471,"pid":"e06b11d8-43ae-4784-8001-6f74a1bf28e8"}