{"x":756.2009408880655,"y":120.00715333197604,"vx":-0.01057608456113697,"vy":0.28607641803335737,"goals":{"home":0,"away":0},"ball":{"x":793.0499782149337,"y":38.526991557618004,"vx":-1.4498485131061796,"vy":0.26018197884084987},"t":1773866737227,"pid":"828302ab-d9d5-4a8d-8f33-1e686f7b3b07"}