{"x":450.6460817646756,"y":287.9196832616448,"vx":-4.264275821282083e-9,"vy":-1.5861260622096497e-7,"goals":{"home":1,"away":1},"t":1773867886576,"pid":"1c7e3644-194b-489e-830d-d3f6a70dae55"}