{"x":456.4309524879318,"y":223.56101039602498,"vx":-3.174738537459597e-15,"vy":-1.4133042892471651e-14,"goals":{"home":1,"away":1},"t":1773867848324,"pid":"1c7e3644-194b-489e-830d-d3f6a70dae55"}