{"x":1070.9678419064503,"y":364.08257238765515,"vx":3.5660872027133554,"vy":-0.1093009680368062,"goals":{"home":0,"away":0},"ball":{"x":1122.4703319411365,"y":379.9479063682859,"vx":-0.00010072551148852576,"vy":-0.0003138495972821843},"t":1773867795823,"pid":"e06b11d8-43ae-4784-8001-6f74a1bf28e8"}