{"x":778.1108823983029,"y":506.3220277360137,"vx":0.008300514691363057,"vy":-3.024440850545709,"goals":{"home":0,"away":0},"ball":{"x":845.986043545969,"y":544.7803522146485,"vx":-0.01911698003100573,"vy":0.04582558860313358},"t":1773867648218,"pid":"e06b11d8-43ae-4784-8001-6f74a1bf28e8"}