{"x":476.58189852197546,"y":245.81678621233937,"vx":-0.8581643603474752,"vy":-0.5208179428579972,"goals":{"home":1,"away":1},"t":1773867911621,"pid":"1c7e3644-194b-489e-830d-d3f6a70dae55"}