{"x":12.490460571494975,"y":626.6096640147849,"vx":-9.607097682412434,"vy":14.08839172661251,"goals":{"home":0,"away":0},"ball":{"x":16.386184422976143,"y":616.6856131670355,"vx":8.151920893842401,"vy":8.722164551251835},"t":1773867748420,"pid":"e06b11d8-43ae-4784-8001-6f74a1bf28e8"}