{"x":1105.1468427414889,"y":303.9545640847716,"vx":-0.00006805607490561418,"vy":0.3288385554219313,"goals":{"home":0,"away":0},"ball":{"x":1121.5271499602131,"y":337.9502924628355,"vx":-0.07980078248355695,"vy":0.0025560242420223055},"t":1773866768889,"pid":"828302ab-d9d5-4a8d-8f33-1e686f7b3b07"}