{"x":1121.7862645798302,"y":342.8730734299406,"vx":-8.576481412338048,"vy":0.3431723847749989,"goals":{"home":0,"away":0},"ball":{"x":1132.1982808571563,"y":414.13450334209716,"vx":-0.865610477256115,"vy":2.001563274400053},"t":1773867761620,"pid":"e06b11d8-43ae-4784-8001-6f74a1bf28e8"}