{"x":592.0685710508133,"y":662.2425838232245,"vx":-1.4431406971877112e-12,"vy":-7.871123081530646e-13,"goals":{"home":0,"away":0},"ball":{"x":537.681376665481,"y":619.4250733338281,"vx":-0.003583509313427316,"vy":-0.0022124709722802023},"t":1773866994340,"pid":"828302ab-d9d5-4a8d-8f33-1e686f7b3b07"}