{"x":456.4309524879318,"y":342.31099834600775,"vx":-4.816076981788289e-23,"vy":6.342114186906243e-7,"goals":{"home":1,"away":1},"t":1773867854170,"pid":"1c7e3644-194b-489e-830d-d3f6a70dae55"}