{"x":1168.939007565766,"y":517.4851005797086,"vx":-0.19100622187535302,"vy":-6.402702999406202,"goals":{"home":0,"away":0},"ball":{"x":1171.4850154601027,"y":499.98669100898354,"vx":-1.4420077896001529,"vy":-7.094417565544064},"t":1773866775340,"pid":"828302ab-d9d5-4a8d-8f33-1e686f7b3b07"}