{"x":1126.1698135549232,"y":0,"vx":12.603790042402165,"vy":5.812673395678593,"goals":{"home":0,"away":0},"ball":{"x":1097.9630163382833,"y":138.27175036474162,"vx":-0.6993613338241946,"vy":-3.440731296410305},"t":1773866776542,"pid":"828302ab-d9d5-4a8d-8f33-1e686f7b3b07"}