{"x":1170,"y":645.4942466820992,"vx":-0.37673378674355573,"vy":-4.500015828148131,"goals":{"home":0,"away":0},"ball":{"x":1182.924360765812,"y":578.3455149343779,"vx":-0.1201793508649122,"vy":0.45016889923853676},"t":1773867780972,"pid":"e06b11d8-43ae-4784-8001-6f74a1bf28e8"}