{"x":674.2326755453056,"y":700.7620204405368,"vx":-1.363060265374275,"vy":5.58886250510928,"goals":{"home":0,"away":0},"ball":{"x":612.2804312944467,"y":655.3908010231952,"vx":-0.9770645079234413,"vy":-0.8987613438265842},"t":1773866786589,"pid":"828302ab-d9d5-4a8d-8f33-1e686f7b3b07"}