{"x":1039.4232242505664,"y":458.37449539632007,"vx":-1.4992944927175442,"vy":3.363100508613024,"goals":{"home":0,"away":0},"ball":{"x":1015.4202074655163,"y":467.76295761572,"vx":0.652831088609867,"vy":0.6665527625153276},"t":1773867756524,"pid":"e06b11d8-43ae-4784-8001-6f74a1bf28e8"}