{"x":898.1175628566896,"y":492.596799249123,"vx":0.5487611557323583,"vy":-0.8375943097999732,"goals":{"home":0,"away":0},"ball":{"x":844.4328319828094,"y":548.5035780584549,"vx":-0.0034279743425262247,"vy":0.008217246746500873},"t":1773867651073,"pid":"e06b11d8-43ae-4784-8001-6f74a1bf28e8"}