{"x":727.8090403047613,"y":668.1346423923853,"vx":-1.0942341119643626,"vy":0.959105746487329,"goals":{"home":0,"away":0},"ball":{"x":856.7409046892933,"y":518.9997194244045,"vx":-0.12775194107468218,"vy":0.30623602082782364},"t":1773867645073,"pid":"e06b11d8-43ae-4784-8001-6f74a1bf28e8"}