{"x":824.7773180621168,"y":570.8306067527154,"vx":-1.1978276781409545,"vy":-2.6696292198458185,"goals":{"home":0,"away":0},"ball":{"x":850.8080596732422,"y":533.221427796268,"vx":-0.06782421363982377,"vy":0.162582400910009},"t":1773867646122,"pid":"e06b11d8-43ae-4784-8001-6f74a1bf28e8"}