{"x":354.0476429437555,"y":349.7193509826764,"vx":2.8248045959024712,"vy":-3.0230674341357373,"goals":{"home":0,"away":0},"ball":{"x":600,"y":400,"vx":0,"vy":0},"t":1773867509917,"pid":"e06b11d8-43ae-4784-8001-6f74a1bf28e8"}