{"x":542.1970512201829,"y":393.33701962595626,"vx":-0.06303916180006346,"vy":0.022247648825553964,"goals":{"home":0,"away":0},"ball":{"x":1085.8538245471161,"y":265.2488509124261,"vx":-2.086917666752488,"vy":-1.029430428206159},"t":1773867632622,"pid":"e06b11d8-43ae-4784-8001-6f74a1bf28e8"}