{"x":650.8758482430932,"y":22.25722481503381,"vx":-0.6930883685508872,"vy":-0.3215756729690694,"goals":{"home":0,"away":0},"ball":{"x":649.9217962553157,"y":88.77263142352994,"vx":0.5025225590664828,"vy":-1.0114870259075743},"t":1773867752475,"pid":"e06b11d8-43ae-4784-8001-6f74a1bf28e8"}