{"x":328.2969448715157,"y":140.44370823446457,"vx":0.9190121378852664,"vy":-0.29043210431117283,"goals":{"home":0,"away":0},"ball":{"x":492.8925141323707,"y":47.32209390406192,"vx":5.463789901882952,"vy":4.5210716476415485},"t":1773866707842,"pid":"828302ab-d9d5-4a8d-8f33-1e686f7b3b07"}