{"x":740.3349643412871,"y":207.22572039719915,"vx":-2.027946488514827,"vy":-1.5506585531471373,"goals":{"home":1,"away":1},"t":1773867906671,"pid":"1c7e3644-194b-489e-830d-d3f6a70dae55"}