{"x":1133.9997618602931,"y":252.16918905260871,"vx":-2.5261968610950314,"vy":1.417912112283934,"goals":{"home":0,"away":0},"ball":{"x":1109.840838625392,"y":261.3009899714128,"vx":-0.5863778019475056,"vy":0.36134596638301963},"t":1773867628425,"pid":"e06b11d8-43ae-4784-8001-6f74a1bf28e8"}