{"x":17.109805052870467,"y":494.22516696971627,"vx":0.6470823741569951,"vy":-10.682464495486382,"goals":{"home":0,"away":0},"t":1773867725478,"pid":"1c7e3644-194b-489e-830d-d3f6a70dae55"}