{"x":1102.3627034711296,"y":754.80419643837,"vx":0.17165857282705335,"vy":0.0011593782546666007,"goals":{"home":0,"away":0},"t":1773867678380,"pid":"1c7e3644-194b-489e-830d-d3f6a70dae55"}