{"x":346.50933087846687,"y":430.53639177073495,"vx":2.5626369536110696,"vy":3.1517430253576406,"goals":{"home":0,"away":0},"t":1773867735226,"pid":"1c7e3644-194b-489e-830d-d3f6a70dae55"}