{"x":456.4309524879318,"y":342.31101039602396,"vx":-4.2805583175380874e-44,"vy":5.636909404935912e-28,"goals":{"home":1,"away":1},"t":1773867869925,"pid":"1c7e3644-194b-489e-830d-d3f6a70dae55"}