{"x":954.9969129403014,"y":356.7535656674547,"vx":-1.382170771514686,"vy":-0.003704074057462065,"goals":{"home":0,"away":0},"t":1773867780527,"pid":"1c7e3644-194b-489e-830d-d3f6a70dae55"}