{"x":456.4309524918414,"y":223.56101041343038,"vx":-2.05782870718596e-10,"vy":-9.160874522690928e-10,"goals":{"home":1,"away":1},"t":1773867844727,"pid":"1c7e3644-194b-489e-830d-d3f6a70dae55"}