{"x":985.3979293278919,"y":650.6377505717666,"vx":0.0006054674263652603,"vy":-0.006161815710980019,"goals":{"home":0,"away":0},"t":1773867710174,"pid":"1c7e3644-194b-489e-830d-d3f6a70dae55"}