{"x":500.43384243839006,"y":717.8527630706335,"vx":0.1469076018813832,"vy":6.886360519461887,"goals":{"home":1,"away":1},"t":1773867904275,"pid":"1c7e3644-194b-489e-830d-d3f6a70dae55"}