{"x":456.4309524879318,"y":342.3110103952818,"vx":-2.967937969131686e-27,"vy":3.908368070333146e-11,"goals":{"home":1,"away":1},"t":1773867857323,"pid":"1c7e3644-194b-489e-830d-d3f6a70dae55"}