{"x":1063.227462653883,"y":640.1030014549701,"vx":1.273327747257086,"vy":-2.1939063197967767,"goals":{"home":0,"away":0},"ball":{"x":1088.0643911461239,"y":516.185916908672,"vx":-0.41981361148811525,"vy":0.9707409151417216},"t":1773867762823,"pid":"e06b11d8-43ae-4784-8001-6f74a1bf28e8"}