{"x":456.4309524879318,"y":342.31101039602396,"vx":-1.159221504357585e-30,"vy":1.5265360533799326e-14,"goals":{"home":1,"away":1},"t":1773867859871,"pid":"1c7e3644-194b-489e-830d-d3f6a70dae55"}