{"x":857.485668281524,"y":356.68318826036347,"vx":-3.534346841978193e-20,"vy":-8.195703530198183e-26,"goals":{"home":0,"away":0},"t":1773867797476,"pid":"1c7e3644-194b-489e-830d-d3f6a70dae55"}