{"x":42.086747044188634,"y":272.9201721390371,"vx":0.00014370031702050427,"vy":4.924616844478687e-7,"goals":{"home":0,"away":0},"ball":{"x":196.1829349869237,"y":56.95102817219063,"vx":-0.043922458791818754,"vy":-0.00704390843997189},"t":1773867743003,"pid":"e06b11d8-43ae-4784-8001-6f74a1bf28e8"}