{"x":449.9648307864829,"y":377.0202154603134,"vx":-0.00960463144112319,"vy":-0.000043658153520754324,"goals":{"home":0,"away":0},"ball":{"x":410.05812750673516,"y":255.7324066632098,"vx":-0.598183352106348,"vy":-0.2594417058360833},"t":1773867525368,"pid":"e06b11d8-43ae-4784-8001-6f74a1bf28e8"}