{"x":813.3486612580734,"y":375.22959233825736,"vx":-0.8104797801230265,"vy":-1.7011018576335797,"goals":{"home":0,"away":0},"ball":{"x":851.3609955855378,"y":305.0899811158218,"vx":-0.47194748056050545,"vy":0.4879772141687142},"t":1773866722396,"pid":"828302ab-d9d5-4a8d-8f33-1e686f7b3b07"}