{"x":861.6693800810534,"y":638.0053794719238,"vx":-3.284720978719518,"vy":0.1542141705906488,"goals":{"home":0,"away":0},"ball":{"x":714.0303187526608,"y":516.941800084756,"vx":0.12811158433742362,"vy":-2.3949971604014317},"t":1773866759439,"pid":"828302ab-d9d5-4a8d-8f33-1e686f7b3b07"}