{"x":539.7011231172393,"y":267.9347323748669,"vx":0.02230852897949695,"vy":0.0005972328072600467,"goals":{"home":1,"away":1},"t":1773867917107,"pid":"1c7e3644-194b-489e-830d-d3f6a70dae55"}