{"x":1134.786562172412,"y":689.5173503846944,"vx":4.58577828203945e-8,"vy":6.543485947347438,"goals":{"home":0,"away":0},"ball":{"x":1010.74587912616,"y":771.9119625567008,"vx":0.05008614714964264,"vy":-0.033402726682604446},"t":1773867712733,"pid":"e06b11d8-43ae-4784-8001-6f74a1bf28e8"}