{"x":906.1942990721254,"y":510.90537254538043,"vx":0.7279977376248075,"vy":0.6866907417056604,"goals":{"home":0,"away":0},"ball":{"x":967.4442139176485,"y":330.3335403995015,"vx":3.1022772674176307,"vy":0.07949291377064445},"t":1773866763189,"pid":"828302ab-d9d5-4a8d-8f33-1e686f7b3b07"}