{"x":1044.7685428932225,"y":647.1591041281077,"vx":-1.8979378918467749,"vy":-1.105669903019037,"goals":{"home":0,"away":0},"t":1773867691427,"pid":"1c7e3644-194b-489e-830d-d3f6a70dae55"}