{"x":456.4309524879318,"y":342.31101039602396,"vx":-1.1271393684768418e-35,"vy":1.4842882716511697e-19,"goals":{"home":1,"away":1},"t":1773867863620,"pid":"1c7e3644-194b-489e-830d-d3f6a70dae55"}