{"x":787.0528383366654,"y":10.856883319658408,"vx":0.7077173959118266,"vy":-4.16304704167416,"goals":{"home":1,"away":1},"ball":{"x":721.9275837985977,"y":11.876398740620257,"vx":-3.4104789732850795,"vy":3.9190796288616254},"t":1773867828673,"pid":"e06b11d8-43ae-4784-8001-6f74a1bf28e8"}