{"x":1155.9320972673993,"y":758.2602706322791,"vx":-0.07299986401990324,"vy":-0.06822667290172475,"goals":{"home":0,"away":0},"t":1773867716930,"pid":"1c7e3644-194b-489e-830d-d3f6a70dae55"}