{"x":560.2986948593137,"y":607.1651106401256,"vx":-3.3530704558625724,"vy":-3.0187805359788116,"goals":{"home":0,"away":1},"ball":{"x":600,"y":400,"vx":0,"vy":0},"t":1773867808572,"pid":"e06b11d8-43ae-4784-8001-6f74a1bf28e8"}