{"x":857.4856682843446,"y":356.68318826036347,"vx":-1.4849494909817106e-10,"vy":-3.443410148901254e-16,"goals":{"home":0,"away":0},"t":1773867790276,"pid":"1c7e3644-194b-489e-830d-d3f6a70dae55"}