{"x":760.3570711706983,"y":512.32552040049,"vx":0.1781757073389182,"vy":-1.2670727258617829,"goals":{"home":0,"away":0},"ball":{"x":758.6824885605819,"y":496.436206056175,"vx":-0.010702919746145925,"vy":-0.07249328823329267},"t":1773866751037,"pid":"828302ab-d9d5-4a8d-8f33-1e686f7b3b07"}