{"x":551.0983797408823,"y":389.4336188740076,"vx":0.30031886261496116,"vy":-1.871868530406592,"goals":{"home":1,"away":1},"t":1773867822375,"pid":"1c7e3644-194b-489e-830d-d3f6a70dae55"}