{"x":1157.3169836206287,"y":256.88434711542675,"vx":-2.9311233311806255,"vy":-1.071609524475277,"goals":{"home":0,"away":0},"ball":{"x":1183.069451214444,"y":292.96929360516657,"vx":0.22883075704024036,"vy":0.04575365950219974},"t":1773866716389,"pid":"828302ab-d9d5-4a8d-8f33-1e686f7b3b07"}