{"x":269.4322570504897,"y":83.63470903580671,"vx":-21.676818678106578,"vy":0.21258502481407512,"goals":{"home":0,"away":0},"ball":{"x":208.14596507546378,"y":86.40894157298088,"vx":-6.352631227773441,"vy":0.9112106134489106},"t":1773866738740,"pid":"828302ab-d9d5-4a8d-8f33-1e686f7b3b07"}