{"x":306.3580232718524,"y":348.9795645307958,"vx":0.0000033951099762217127,"vy":-6.577730476558302e-9,"goals":{"home":0,"away":1},"t":1773867816376,"pid":"1c7e3644-194b-489e-830d-d3f6a70dae55"}