{"x":456.4309524879318,"y":342.31101039602396,"vx":-2.7282765473697762e-42,"vy":3.592766781408987e-26,"goals":{"home":1,"away":1},"t":1773867868572,"pid":"1c7e3644-194b-489e-830d-d3f6a70dae55"}