{"x":1134.5365956521205,"y":457.6247989542844,"vx":0.013156178504727232,"vy":-0.0016429247362328594,"goals":{"home":0,"away":0},"ball":{"x":1068.2506773611412,"y":728.7864769659305,"vx":-1.068428969495677,"vy":0.9124030694146946},"t":1773867673261,"pid":"e06b11d8-43ae-4784-8001-6f74a1bf28e8"}