{"x":592.068571050788,"y":662.2425838232105,"vx":-1.11042425265927e-13,"vy":-6.056433709083413e-14,"goals":{"home":0,"away":0},"ball":{"x":537.5412456862025,"y":619.3385559853702,"vx":-0.0021680448762673938,"vy":-0.0013385583615952066},"t":1773866995173,"pid":"828302ab-d9d5-4a8d-8f33-1e686f7b3b07"}