{"x":527.7962068251055,"y":146.65898498544723,"vx":1.5025350646856068,"vy":-14.15359361692902,"goals":{"home":1,"away":1},"ball":{"x":765.4410503661042,"y":122.83192751428804,"vx":-9.408647180889021,"vy":-2.909469209289602},"t":1773867821021,"pid":"e06b11d8-43ae-4784-8001-6f74a1bf28e8"}