{"x":630.7477747827753,"y":416.45077888620847,"vx":-0.3903762708192765,"vy":-4.7422477373202785,"goals":{"home":0,"away":0},"ball":{"x":725.9468115361551,"y":424.6008593948751,"vx":-0.11929673509107414,"vy":-0.2612631754790906},"t":1773866753287,"pid":"828302ab-d9d5-4a8d-8f33-1e686f7b3b07"}