{"x":1136.5684523997138,"y":427.5133198569367,"vx":-0.2526930309751859,"vy":-2.563877884673699,"goals":{"home":0,"away":0},"ball":{"x":1122.5269982601817,"y":380.12447237574014,"vx":-0.0006731125725678962,"vy":-0.002097344622072977},"t":1773867792671,"pid":"e06b11d8-43ae-4784-8001-6f74a1bf28e8"}