{"x":456.43096249832644,"y":223.56105495948705,"vx":-5.268628929905007e-7,"vy":-0.000002345445389353179,"goals":{"home":1,"away":1},"t":1773867842172,"pid":"1c7e3644-194b-489e-830d-d3f6a70dae55"}