{"x":890.3103987816405,"y":309.18321476772695,"vx":5.772382605256942,"vy":-0.0000013951244415159037,"goals":{"home":0,"away":0},"t":1773867773160,"pid":"1c7e3644-194b-489e-830d-d3f6a70dae55"}