{"x":765.4288385915554,"y":420.6592789343713,"vx":4.199400254291226,"vy":0.44488608103010546,"goals":{"home":0,"away":0},"ball":{"x":816.6641399331892,"y":270.0346388276968,"vx":7.98263684463494,"vy":-4.788361751696555},"t":1773866679477,"pid":"828302ab-d9d5-4a8d-8f33-1e686f7b3b07"}