{"x":857.4856682815675,"y":356.68318826036347,"vx":-2.329827194707838e-12,"vy":-5.402574738174653e-18,"goals":{"home":0,"away":0},"t":1773867791630,"pid":"1c7e3644-194b-489e-830d-d3f6a70dae55"}