{"x":1124.9125773491528,"y":30.611498805957886,"vx":0.01274991144494852,"vy":-9.845097119703661,"goals":{"home":0,"away":0},"ball":{"x":1068.5695346924626,"y":142.72156284832923,"vx":-0.9150340085046332,"vy":-2.156092640833193},"t":1773866694621,"pid":"828302ab-d9d5-4a8d-8f33-1e686f7b3b07"}