{"x":462.0055357949596,"y":631.4970985323497,"vx":-1.464228801306826,"vy":-13.458228852089958,"goals":{"home":0,"away":0},"ball":{"x":664.2474234193147,"y":758.6233400548463,"vx":-1.384062291909571,"vy":-0.22388136230476094},"t":1773866699572,"pid":"828302ab-d9d5-4a8d-8f33-1e686f7b3b07"}