{"x":480.6311412399608,"y":766.6326213983076,"vx":-13.63535182109161,"vy":-0.10741016102465815,"goals":{"home":0,"away":0},"ball":{"x":666.2605095436845,"y":630.50818246641,"vx":-7.083103626125108,"vy":-2.844897598486171},"t":1773867714817,"pid":"e06b11d8-43ae-4784-8001-6f74a1bf28e8"}