{"x":540.1073618342281,"y":267.94560799511,"vx":0.0009275438748164645,"vy":0.000024831741829442255,"goals":{"home":1,"away":1},"t":1773867931883,"pid":"1c7e3644-194b-489e-830d-d3f6a70dae55"}