{"x":450.7790392365529,"y":292.8651258209018,"vx":-0.0069977659420189095,"vy":-0.26028660909983453,"goals":{"home":1,"away":1},"t":1773867881924,"pid":"1c7e3644-194b-489e-830d-d3f6a70dae55"}