{"x":521.3178361424734,"y":298.914911270707,"vx":10.636321231487091,"vy":0.7549853841028283,"goals":{"home":0,"away":0},"ball":{"x":649.8479701514017,"y":338.02306186128214,"vx":2.337452522801034,"vy":2.732375244564487},"t":1773866779693,"pid":"828302ab-d9d5-4a8d-8f33-1e686f7b3b07"}