{"x":0,"y":361.70270413909043,"vx":-0.8481760779624152,"vy":-0.9835899860916897,"goals":{"home":0,"away":1},"ball":{"x":600,"y":400,"vx":0,"vy":0},"t":1773867810821,"pid":"e06b11d8-43ae-4784-8001-6f74a1bf28e8"}