{"x":966.8465589530375,"y":769.2706738376569,"vx":0.9769933818923942,"vy":1.1766319469313846e-7,"goals":{"home":0,"away":0},"t":1773867707779,"pid":"1c7e3644-194b-489e-830d-d3f6a70dae55"}