{"x":518.0016978636676,"y":514.5455444632958,"vx":-1.1333348376399541,"vy":-13.661749626919208,"goals":{"home":1,"away":1},"t":1773867900075,"pid":"1c7e3644-194b-489e-830d-d3f6a70dae55"}