{"x":716.2429165214909,"y":583.3536423442603,"vx":-0.000026679544909314617,"vy":-0.005394933428657973,"goals":{"home":0,"away":0},"ball":{"x":765.3740993334306,"y":541.7599943314043,"vx":-0.07829494775471355,"vy":-0.530309331417429},"t":1773866747739,"pid":"828302ab-d9d5-4a8d-8f33-1e686f7b3b07"}