{"x":1079.0412897246674,"y":293.9580386049144,"vx":-4.319364169992688,"vy":-0.039960578212814075,"goals":{"home":0,"away":0},"ball":{"x":1105.1748673147288,"y":353.934382588667,"vx":0.05951280009317935,"vy":-0.2909080764156708},"t":1773867776771,"pid":"e06b11d8-43ae-4784-8001-6f74a1bf28e8"}