{"x":578.5857553205675,"y":179.54952652517002,"vx":1.4829988069232098,"vy":4.182169157969226,"goals":{"home":0,"away":0},"ball":{"x":642.4636984534776,"y":190.9772784789793,"vx":-1.289327325899367,"vy":1.4292761526862794},"t":1773866731540,"pid":"828302ab-d9d5-4a8d-8f33-1e686f7b3b07"}