{"x":787.5376385582566,"y":512.0116975958138,"vx":-0.10325841661355789,"vy":-2.034970055998077,"goals":{"home":0,"away":0},"t":1773867659778,"pid":"1c7e3644-194b-489e-830d-d3f6a70dae55"}