{"x":857.4856728341915,"y":356.68318826037364,"vx":-2.396141826890613e-7,"vy":-5.556349987006761e-13,"goals":{"home":0,"away":0},"t":1773867787880,"pid":"1c7e3644-194b-489e-830d-d3f6a70dae55"}