{"x":908.543382278277,"y":476.6834880912494,"vx":0.00003381775408161963,"vy":-0.00005161728029232874,"goals":{"home":0,"away":0},"ball":{"x":844.1442462458987,"y":549.1953510913783,"vx":-0.0005129668989887541,"vy":0.0012296403533381289},"t":1773867654226,"pid":"e06b11d8-43ae-4784-8001-6f74a1bf28e8"}