{"x":609.6146665504585,"y":426.9117363124689,"vx":-0.960872566921908,"vy":0.8983067417552317,"goals":{"home":1,"away":1},"t":1773867819070,"pid":"1c7e3644-194b-489e-830d-d3f6a70dae55"}