{"x":406.2288943533665,"y":320.81497257674795,"vx":3.3372559469288907,"vy":-0.507942519692403,"goals":{"home":1,"away":1},"t":1773867914024,"pid":"1c7e3644-194b-489e-830d-d3f6a70dae55"}