{"x":456.4309524879318,"y":342.31101039602396,"vx":-2.6527698917531094e-47,"vy":3.493334850897257e-31,"goals":{"home":1,"away":1},"t":1773867872321,"pid":"1c7e3644-194b-489e-830d-d3f6a70dae55"}