{"x":450.64939156628685,"y":288.0427935578837,"vx":-0.00017420434906802507,"vy":-0.006479647888348542,"goals":{"home":1,"away":1},"t":1773867883125,"pid":"1c7e3644-194b-489e-830d-d3f6a70dae55"}