{"x":245.02873778943675,"y":667.3894113308822,"vx":-5.403340510703987,"vy":3.7869437365755747,"goals":{"home":0,"away":0},"ball":{"x":501.84872971734484,"y":710.9250265887532,"vx":-4.860884483104761,"vy":-2.1262709340646686},"t":1773867801225,"pid":"e06b11d8-43ae-4784-8001-6f74a1bf28e8"}