{"x":375.70802417913836,"y":87.39460739370726,"vx":-0.01868611702484509,"vy":0.0008490609889145657,"goals":{"home":0,"away":0},"ball":{"x":1153.1389076901864,"y":129.19739569590604,"vx":-2.130124676964522,"vy":0.6457811042213392},"t":1773867620020,"pid":"e06b11d8-43ae-4784-8001-6f74a1bf28e8"}