{"x":997.3918956924025,"y":446.12836545628437,"vx":0.13651434679576424,"vy":2.7923590949514754,"goals":{"home":0,"away":0},"t":1773867774375,"pid":"1c7e3644-194b-489e-830d-d3f6a70dae55"}