{"x":456.430952883333,"y":223.56101215624108,"vx":-2.081060688604935e-8,"vy":-9.264296768648303e-8,"goals":{"home":1,"away":1},"t":1773867843220,"pid":"1c7e3644-194b-489e-830d-d3f6a70dae55"}