{"x":1009.1601345337934,"y":769.2705335839722,"vx":-0.00003691183159338686,"vy":0.000007499436072501008,"goals":{"home":0,"away":0},"t":1773867706425,"pid":"1c7e3644-194b-489e-830d-d3f6a70dae55"}