{"x":1082.6484689367803,"y":420.58702581589193,"vx":-0.15614524364719962,"vy":-0.9280955439238402,"goals":{"home":0,"away":0},"t":1773867635483,"pid":"1c7e3644-194b-489e-830d-d3f6a70dae55"}