{"x":857.4902982646372,"y":356.6831882710993,"vx":-0.00024368332183742075,"vy":-5.650708179833161e-10,"goals":{"home":0,"away":0},"t":1773867785630,"pid":"1c7e3644-194b-489e-830d-d3f6a70dae55"}