{"x":144.0530466099966,"y":27.762931818543453,"vx":-12.27263245125755,"vy":0.27373829682210377,"goals":{"home":0,"away":0},"t":1773867731630,"pid":"1c7e3644-194b-489e-830d-d3f6a70dae55"}