{"x":623.6235963078274,"y":392.8860650060425,"vx":-0.015419508979935643,"vy":0.24800036163581698,"goals":{"home":0,"away":0},"ball":{"x":720.4066292558521,"y":412.46770575760365,"vx":-0.06333529791629901,"vy":-0.13870606803190366},"t":1773866754343,"pid":"828302ab-d9d5-4a8d-8f33-1e686f7b3b07"}