{"x":223.10954598678217,"y":32.834483616594554,"vx":-17.68350083950943,"vy":0.006814517977308413,"goals":{"home":0,"away":0},"t":1773867732824,"pid":"1c7e3644-194b-489e-830d-d3f6a70dae55"}