{"x":833.0106730991097,"y":96.5505959856452,"vx":-0.6075384040011343,"vy":0.003237815173591586,"goals":{"home":0,"away":0},"ball":{"x":855.6206153694181,"y":159.26794459714048,"vx":-0.0633564273535194,"vy":0.03800417072306484},"t":1773866687122,"pid":"828302ab-d9d5-4a8d-8f33-1e686f7b3b07"}