{"x":1166.6013479660676,"y":337.6391117921047,"vx":2.830225913796298,"vy":-1.5718602969320137,"goals":{"home":0,"away":0},"ball":{"x":1177.2336558492602,"y":295.30208302419834,"vx":-0.08878475393425611,"vy":0.022190130017029325},"t":1773866717590,"pid":"828302ab-d9d5-4a8d-8f33-1e686f7b3b07"}