{"x":970.5770601311408,"y":691.7186739221951,"vx":0.10839283357734183,"vy":2.902425505330991,"goals":{"home":0,"away":0},"t":1773867674929,"pid":"1c7e3644-194b-489e-830d-d3f6a70dae55"}