{"x":958.1798873812003,"y":497.6812950504192,"vx":3.053159803648237,"vy":-0.43919954964751046,"goals":{"home":0,"away":0},"t":1773867657528,"pid":"1c7e3644-194b-489e-830d-d3f6a70dae55"}