{"x":528.0249476125888,"y":178.4966559415688,"vx":19.146264918258773,"vy":-0.03860252916659106,"goals":{"home":1,"away":1},"t":1773867907872,"pid":"1c7e3644-194b-489e-830d-d3f6a70dae55"}