{"x":1163.9316182042364,"y":431.52965409136203,"vx":16.289239644785074,"vy":-2.4841296582285675,"goals":{"home":0,"away":0},"t":1773867713479,"pid":"1c7e3644-194b-489e-830d-d3f6a70dae55"}