{"x":680.153123808169,"y":310.4063418904132,"vx":0.01876619353757024,"vy":-0.10373121985613719,"goals":{"home":0,"away":0},"ball":{"x":723.9881029150698,"y":330.78482672280387,"vx":0.02752790592925475,"vy":-0.5146236920988869},"t":1773866761989,"pid":"828302ab-d9d5-4a8d-8f33-1e686f7b3b07"}