{"x":414.3044439760524,"y":353.8681171363196,"vx":-3.076571416593095e-7,"vy":-1.789671190533387e-8,"goals":{"home":1,"away":1},"t":1773867828375,"pid":"1c7e3644-194b-489e-830d-d3f6a70dae55"}