{"x":476.9432117196971,"y":220.33375678131355,"vx":0.25074679311409925,"vy":2.767706563920819,"goals":{"home":0,"away":0},"ball":{"x":283.21602592813423,"y":70.90865123567505,"vx":-0.9230445895111189,"vy":-0.1480299999903199},"t":1773867728480,"pid":"e06b11d8-43ae-4784-8001-6f74a1bf28e8"}