{"x":1157.9699048052248,"y":260.65035510780064,"vx":-2.780229217324123,"vy":-1.141992551053277,"goals":{"home":0,"away":0},"ball":{"x":1176.890932962424,"y":336.1769869001625,"vx":-0.6390309138190134,"vy":0.02046820164275487},"t":1773866765438,"pid":"828302ab-d9d5-4a8d-8f33-1e686f7b3b07"}