{"x":42.089369505598015,"y":272.920181126225,"vx":0.000005676032316377799,"vy":1.9451790319328963e-8,"goals":{"home":0,"away":0},"ball":{"x":194.14316057298026,"y":56.62390659008347,"vx":-0.023318676832794132,"vy":-0.003739650034849379},"t":1773867744061,"pid":"e06b11d8-43ae-4784-8001-6f74a1bf28e8"}