{"x":27.892128033915387,"y":341.1905351989906,"vx":0.26101915824034905,"vy":-0.00020810305748093295,"goals":{"home":0,"away":0},"t":1773867753224,"pid":"1c7e3644-194b-489e-830d-d3f6a70dae55"}