{"x":1053.8345453323577,"y":556.0112054003679,"vx":1.6592664386409655,"vy":-0.046971658271513776,"goals":{"home":0,"away":0},"ball":{"x":1078.8248240102366,"y":541.3556899575253,"vx":0.1063027102274356,"vy":-0.16583813734724603},"t":1773867764175,"pid":"e06b11d8-43ae-4784-8001-6f74a1bf28e8"}