{"x":644.5960287302568,"y":14.889000933640144,"vx":1.0211571168923448,"vy":-4.968330887751133,"goals":{"home":1,"away":1},"ball":{"x":489.20218024200796,"y":280.7461597508453,"vx":-1.0254711913296288,"vy":1.230807323664361},"t":1773867830624,"pid":"e06b11d8-43ae-4784-8001-6f74a1bf28e8"}