{"x":307.63259261485985,"y":102.90770305905983,"vx":6.468682228030529,"vy":0.01905731922471515,"goals":{"home":0,"away":0},"ball":{"x":844.6405466099294,"y":29.534847952450516,"vx":8.700108312813853,"vy":0.8816479073151142},"t":1773866740088,"pid":"828302ab-d9d5-4a8d-8f33-1e686f7b3b07"}