{"x":632.0063295403589,"y":145.6837593670767,"vx":-0.028362427224765147,"vy":-0.08271815227018,"goals":{"home":0,"away":0},"ball":{"x":985.1972919731664,"y":81.54174782315718,"vx":-1.3722117465833072,"vy":0.8231172694501699},"t":1773866682025,"pid":"828302ab-d9d5-4a8d-8f33-1e686f7b3b07"}