{"x":414.3138705138557,"y":353.8686654870924,"vx":-0.0004964412257443991,"vy":-0.000028878463692277775,"goals":{"home":1,"away":1},"t":1773867825972,"pid":"1c7e3644-194b-489e-830d-d3f6a70dae55"}