{"x":885.4562015949638,"y":303.8434292799244,"vx":-0.2578342197882555,"vy":-2.0521317254432025,"goals":{"home":0,"away":0},"t":1773867626011,"pid":"1c7e3644-194b-489e-830d-d3f6a70dae55"}