{"x":414.30458612094094,"y":353.86812540502456,"vx":-0.000007788967068157603,"vy":-4.530917075648894e-7,"goals":{"home":1,"away":1},"t":1773867827321,"pid":"1c7e3644-194b-489e-830d-d3f6a70dae55"}