{"x":456.4309524879318,"y":361.1397699458286,"vx":-1.0303230764605345e-51,"vy":2.7590126552734366,"goals":{"home":1,"away":1},"t":1773867875626,"pid":"1c7e3644-194b-489e-830d-d3f6a70dae55"}