{"x":753.86202256125,"y":640.9691798602763,"vx":-6.0961739715484855,"vy":-0.9057794172134748,"goals":{"home":0,"away":0},"ball":{"x":820.4942884148875,"y":587.2418556750846,"vx":-1.9966067809814767,"vy":0.48159887476817975},"t":1773866757488,"pid":"828302ab-d9d5-4a8d-8f33-1e686f7b3b07"}