{"x":1017.1017399978125,"y":368.99553870532037,"vx":-0.0005052315447591261,"vy":3.2304714278996975,"goals":{"home":0,"away":0},"ball":{"x":1128.5963597941354,"y":399.0359342788939,"vx":-0.06197979473370286,"vy":-0.19312221233069662},"t":1773867785172,"pid":"e06b11d8-43ae-4784-8001-6f74a1bf28e8"}