{"x":1135.0894717576184,"y":630.4609233056633,"vx":-0.8787713111613608,"vy":0.6669844056066144,"goals":{"home":0,"away":0},"ball":{"x":1184.03926256613,"y":573.2610707409077,"vx":-0.04612220344770196,"vy":0.19858923151568975},"t":1773866774139,"pid":"828302ab-d9d5-4a8d-8f33-1e686f7b3b07"}