{"x":948.8056727258762,"y":587.7797688871048,"vx":1.202201660791472,"vy":0.25352867084656583,"goals":{"home":0,"away":0},"ball":{"x":1033.6930612744698,"y":747.3888083437001,"vx":1.1040114414573403,"vy":-2.039029196243564},"t":1773866726138,"pid":"828302ab-d9d5-4a8d-8f33-1e686f7b3b07"}