{"x":1122.8802757385902,"y":582.6949819752947,"vx":-1.949561962996864,"vy":-6.819018682268727,"goals":{"home":0,"away":0},"ball":{"x":1180.1704728352595,"y":552.383912398079,"vx":0.11887377352103541,"vy":0.4094696188169873},"t":1773866772937,"pid":"828302ab-d9d5-4a8d-8f33-1e686f7b3b07"}