{"x":1067.2511683021573,"y":351.9693587453439,"vx":0.011701602939308225,"vy":-1.9717634079151636,"goals":{"home":0,"away":0},"ball":{"x":1122.4791427893085,"y":379.97536000053736,"vx":-0.000189723977881018,"vy":-0.00059115901396554},"t":1773867794774,"pid":"e06b11d8-43ae-4784-8001-6f74a1bf28e8"}