{"x":287.3670757030659,"y":10.573394589062266,"vx":-4.222162946346866,"vy":2.4435767204548022,"goals":{"home":0,"away":0},"ball":{"x":192.4230832413227,"y":56.34805529288501,"vx":-0.005944158331202125,"vy":-0.0009532732954714004},"t":1773867746323,"pid":"e06b11d8-43ae-4784-8001-6f74a1bf28e8"}