{"x":450.64616408080144,"y":287.9227450652894,"vx":-0.00000433669195078264,"vy":-0.00016130617284608668,"goals":{"home":1,"away":1},"t":1773867884326,"pid":"1c7e3644-194b-489e-830d-d3f6a70dae55"}