{"x":456.4313546041896,"y":223.5628005044869,"vx":-0.000021164013576049115,"vy":-0.0000942162348545724,"goals":{"home":1,"away":1},"t":1773867840971,"pid":"1c7e3644-194b-489e-830d-d3f6a70dae55"}