{"x":493.53958202214636,"y":212.44051269024501,"vx":5.061947311908083,"vy":-7.0676692003147545,"goals":{"home":1,"away":1},"t":1773867897971,"pid":"1c7e3644-194b-489e-830d-d3f6a70dae55"}