{"x":1158.7150803462869,"y":650.40374980997,"vx":-1.1707009293212898,"vy":-0.08999621312081274,"goals":{"home":0,"away":0},"t":1773867715729,"pid":"1c7e3644-194b-489e-830d-d3f6a70dae55"}