{"x":456.43095248802877,"y":223.56101039645807,"vx":-5.1228165302911026e-12,"vy":-2.280533810850506e-11,"goals":{"home":1,"away":1},"t":1773867845921,"pid":"1c7e3644-194b-489e-830d-d3f6a70dae55"}