{"x":1061.8241764292986,"y":341.47232632141635,"vx":0.14568232469289755,"vy":-0.3209384466316794,"goals":{"home":0,"away":0},"ball":{"x":1122.6967823827324,"y":380.6535009971901,"vx":-0.002388103709448433,"vy":-0.007441068071060256},"t":1773867790574,"pid":"e06b11d8-43ae-4784-8001-6f74a1bf28e8"}