{"x":854.4605752112499,"y":759.9391467896806,"vx":-4.60643820145296,"vy":8.410237555683018,"goals":{"home":0,"away":0},"t":1773867681081,"pid":"1c7e3644-194b-489e-830d-d3f6a70dae55"}