{"x":1128.774551158758,"y":458.34435482121154,"vx":0.31642167815535055,"vy":-0.03951428615345595,"goals":{"home":0,"away":0},"ball":{"x":1159.717930982617,"y":650.6764618522817,"vx":-1.992340622237861,"vy":1.7013931210677113},"t":1773867672225,"pid":"e06b11d8-43ae-4784-8001-6f74a1bf28e8"}