{"x":534.968104054971,"y":139.15558713301152,"vx":8.313894634541564,"vy":-0.447263080852242,"goals":{"home":0,"away":0},"ball":{"x":602.0690679563903,"y":148.32187169688703,"vx":0.9758384315798657,"vy":-1.108599815269174},"t":1773866733921,"pid":"828302ab-d9d5-4a8d-8f33-1e686f7b3b07"}