{"x":456.447105445476,"y":223.63291881907261,"vx":-0.0008501556602416999,"vy":-0.0037846538446243425,"goals":{"home":1,"away":1},"t":1773867839776,"pid":"1c7e3644-194b-489e-830d-d3f6a70dae55"}