{"x":1013.9314688821543,"y":379.59639144322574,"vx":0.5491852377963549,"vy":0.002904681212533229,"goals":{"home":0,"away":0},"ball":{"x":1113.5519479219417,"y":351.2858818460865,"vx":1.3261892630554555,"vy":-0.06804879049255247},"t":1773866711591,"pid":"828302ab-d9d5-4a8d-8f33-1e686f7b3b07"}