{"x":718.30165433162,"y":766.1975893298747,"vx":-0.10838130113062928,"vy":-0.8787605642504664,"goals":{"home":0,"away":0},"ball":{"x":797.1111059434472,"y":756.7218946736357,"vx":-0.39887077209832633,"vy":-2.7016416581066407},"t":1773866745038,"pid":"828302ab-d9d5-4a8d-8f33-1e686f7b3b07"}