{"x":967.5324581959321,"y":356.68318826036347,"vx":0.4580636887153615,"vy":-3.237228633686229e-27,"goals":{"home":0,"away":0},"t":1773867798524,"pid":"1c7e3644-194b-489e-830d-d3f6a70dae55"}