{"x":448.9197827520395,"y":196.94080842967642,"vx":5.678139756764599,"vy":-2.990667980704954,"goals":{"home":1,"away":1},"t":1773867830923,"pid":"1c7e3644-194b-489e-830d-d3f6a70dae55"}