{"x":484.66049502942155,"y":245.0219214326482,"vx":-0.6030596138491698,"vy":0.020939038111176103,"goals":{"home":1,"away":1},"t":1773867892422,"pid":"1c7e3644-194b-489e-830d-d3f6a70dae55"}