{"x":457.1128618015961,"y":377.05270705953205,"vx":-0.3858167901312882,"vy":-0.0017537423229294301,"goals":{"home":0,"away":0},"ball":{"x":472.9435541970613,"y":283.0068239724157,"vx":-1.2333896823116637,"vy":-0.534940870575537},"t":1773867524173,"pid":"e06b11d8-43ae-4784-8001-6f74a1bf28e8"}