{"x":894.2268805702874,"y":377.4346477549352,"vx":0.5994267278946305,"vy":0.11668066480676682,"goals":{"home":0,"away":0},"ball":{"x":974.13319381301,"y":358.4396704141173,"vx":2.734459506580022,"vy":-0.14030928107872281},"t":1773866710389,"pid":"828302ab-d9d5-4a8d-8f33-1e686f7b3b07"}