{"x":782.1497540033126,"y":733.1494345613876,"vx":-2.9946300085841466,"vy":-0.17977759019630235,"goals":{"home":0,"away":0},"t":1773867679859,"pid":"1c7e3644-194b-489e-830d-d3f6a70dae55"}