{"x":523.2064464678116,"y":255.87014899899816,"vx":0.3894374666354249,"vy":5.702526999326918,"goals":{"home":1,"away":1},"t":1773867896922,"pid":"1c7e3644-194b-489e-830d-d3f6a70dae55"}