{"x":827.0573625732711,"y":637.5423270575552,"vx":1.5667561089119795,"vy":1.3581547091734087,"goals":{"home":0,"away":0},"t":1773867660979,"pid":"1c7e3644-194b-489e-830d-d3f6a70dae55"}