{"x":143.29865431546466,"y":530.1874348923444,"vx":0.8714048370868477,"vy":-16.367883648372725,"goals":{"home":0,"away":0},"t":1773867730276,"pid":"1c7e3644-194b-489e-830d-d3f6a70dae55"}