{"x":456.4309524879318,"y":342.31101039602396,"vx":-2.6084726877560164e-50,"vy":3.4350014963905506e-34,"goals":{"home":1,"away":1},"t":1773867874570,"pid":"1c7e3644-194b-489e-830d-d3f6a70dae55"}