{"x":1138.2984157281114,"y":685.6530785215602,"vx":5.045443131551335,"vy":1.7074292553246337,"goals":{"home":0,"away":0},"ball":{"x":1174.5968159551078,"y":538.9675086605193,"vx":0.28295841053940807,"vy":0.8479265383684224},"t":1773867779923,"pid":"e06b11d8-43ae-4784-8001-6f74a1bf28e8"}