{"x":508.4211289671027,"y":683.053056122614,"vx":2.3428452422645902,"vy":-3.0155232973774475,"goals":{"home":0,"away":0},"ball":{"x":587.3255770581083,"y":746.1807152864304,"vx":-0.6070739448266756,"vy":-0.09819828383591371},"t":1773866700939,"pid":"828302ab-d9d5-4a8d-8f33-1e686f7b3b07"}