{"x":483.26330590226405,"y":73.29451644338701,"vx":0.3329495963852668,"vy":-13.737640612132996,"goals":{"home":1,"away":1},"t":1773867903074,"pid":"1c7e3644-194b-489e-830d-d3f6a70dae55"}