{"x":458.2499932159549,"y":273.688574442012,"vx":-0.07506782284910732,"vy":-0.5977009967166698,"goals":{"home":1,"away":1},"t":1773867915072,"pid":"1c7e3644-194b-489e-830d-d3f6a70dae55"}