{"x":42.081038330315,"y":272.92015257524685,"vx":0.0004441589419489149,"vy":0.000001522134851543407,"goals":{"home":0,"away":0},"ball":{"x":197.258959735296,"y":57.12359182220403,"vx":-0.05479139564406477,"vy":-0.008786975611824248},"t":1773867733166,"pid":"e06b11d8-43ae-4784-8001-6f74a1bf28e8"}