{"x":1084.7723071096748,"y":299.0932045377113,"vx":2.1467702890259264,"vy":2.707534483553715,"goals":{"home":0,"away":0},"ball":{"x":1107.938662654775,"y":340.42450933920503,"vx":0.03159567544624848,"vy":-0.1544447102594892},"t":1773867777825,"pid":"e06b11d8-43ae-4784-8001-6f74a1bf28e8"}