{"x":39.539779353300744,"y":153.03077064354423,"vx":0.9952992834737083,"vy":13.325423785285787,"goals":{"home":0,"away":0},"t":1773867726527,"pid":"1c7e3644-194b-489e-830d-d3f6a70dae55"}