{"x":643.4396225708866,"y":427.7488136282974,"vx":2.4677798116049967,"vy":-0.9929559633918297,"goals":{"home":0,"away":0},"ball":{"x":641.2270592512181,"y":394.26933963834085,"vx":0.6871603077287007,"vy":-0.09551693497250861},"t":1773867515472,"pid":"e06b11d8-43ae-4784-8001-6f74a1bf28e8"}