{"x":407.66615520707376,"y":292.33754888380963,"vx":0.0027776346751997275,"vy":-0.002972586826962387,"goals":{"home":0,"away":0},"ball":{"x":600,"y":400,"vx":0,"vy":0},"t":1773867512167,"pid":"e06b11d8-43ae-4784-8001-6f74a1bf28e8"}