{"x":545.3144319265962,"y":262.51367756289125,"vx":-1.664373351926143,"vy":0.27250132771822777,"goals":{"home":0,"away":0},"ball":{"x":572.1393516496685,"y":227.95128608119032,"vx":-0.9834510545636359,"vy":-0.7638936797667212},"t":1773866732720,"pid":"828302ab-d9d5-4a8d-8f33-1e686f7b3b07"}