{"x":1110.4791999955469,"y":246.56142996171397,"vx":-0.41100355816859424,"vy":-0.43425515821924005,"goals":{"home":0,"away":0},"ball":{"x":1155.9402158635967,"y":354.8056069866524,"vx":0.18135434139700532,"vy":-0.22465165356929648},"t":1773867760724,"pid":"e06b11d8-43ae-4784-8001-6f74a1bf28e8"}