{"x":0,"y":336.5270021770204,"vx":-0.8769101962099705,"vy":2.109213912246786,"goals":{"home":0,"away":1},"ball":{"x":600,"y":400,"vx":0,"vy":0},"t":1773867813976,"pid":"e06b11d8-43ae-4784-8001-6f74a1bf28e8"}