{"x":665.8141394937536,"y":244.28320395919317,"vx":-1.8077208458244614,"vy":-5.27216260448684,"goals":{"home":0,"away":0},"ball":{"x":1155.9719196105164,"y":25.8959240147846,"vx":-3.0972079853444163,"vy":-2.3223141273237027},"t":1773866680671,"pid":"828302ab-d9d5-4a8d-8f33-1e686f7b3b07"}