{"x":1084.9060125434335,"y":343.58392595399687,"vx":-6.633594574461032,"vy":0.09635635748892787,"goals":{"home":0,"away":0},"ball":{"x":1150.1860688081315,"y":449.10038632013965,"vx":0.4217465414718314,"vy":1.4527375589981981},"t":1773866770843,"pid":"828302ab-d9d5-4a8d-8f33-1e686f7b3b07"}