{"x":5.132626951567543,"y":49.04580995160691,"vx":-4.8943074790688055,"vy":-0.05978370290244032,"goals":{"home":1,"away":1},"ball":{"x":627.7638761484098,"y":93.1571363314503,"vx":1.6535442751299256,"vy":1.4787228353024604},"t":1773867825376,"pid":"e06b11d8-43ae-4784-8001-6f74a1bf28e8"}