{"x":1106.5106832042873,"y":374.75117219982343,"vx":14.373025466348636,"vy":-3.450946523129557,"goals":{"home":0,"away":0},"t":1773867768376,"pid":"1c7e3644-194b-489e-830d-d3f6a70dae55"}