{"x":345.385400266908,"y":377.0193859602253,"vx":-7.005424077779262,"vy":-2.5416316301927794e-10,"goals":{"home":0,"away":0},"ball":{"x":356.4193383669646,"y":232.46840423920068,"vx":-0.05637740119957716,"vy":-0.024451782361243596},"t":1773867614170,"pid":"e06b11d8-43ae-4784-8001-6f74a1bf28e8"}