{"x":458.06448422132434,"y":230.83303414911538,"vx":-0.08597535438911025,"vy":-0.3827380922679254,"goals":{"home":1,"away":1},"t":1773867838277,"pid":"1c7e3644-194b-489e-830d-d3f6a70dae55"}