{"x":48.752448324909274,"y":277.0522343324142,"vx":2.017115344943841,"vy":-4.258480027783096,"goals":{"home":0,"away":1},"ball":{"x":600,"y":400,"vx":0,"vy":0},"t":1773867805426,"pid":"e06b11d8-43ae-4784-8001-6f74a1bf28e8"}