{"x":592.068571345967,"y":662.2425839842065,"vx":-1.5535889258275627e-8,"vy":-8.47352560780921e-9,"goals":{"home":0,"away":0},"ball":{"x":539.5142374277297,"y":620.5566878708718,"vx":-0.022097254386644172,"vy":-0.013642920841409232},"t":1773866991320,"pid":"828302ab-d9d5-4a8d-8f33-1e686f7b3b07"}