{"x":756.4831081941231,"y":763.5989827618548,"vx":4.566449271697689,"vy":2.527687431787139,"goals":{"home":0,"away":0},"t":1773867663229,"pid":"1c7e3644-194b-489e-830d-d3f6a70dae55"}