{"x":631.4758983337672,"y":144.1367729625633,"vx":-0.00044499529888046324,"vy":-0.0012978151905196546,"goals":{"home":0,"away":0},"ball":{"x":909.5359378854774,"y":126.92699345644105,"vx":-0.6079556446874594,"vy":0.3646804448715443},"t":1773866683379,"pid":"828302ab-d9d5-4a8d-8f33-1e686f7b3b07"}