{"x":902.9830513197196,"y":563.9999181969873,"vx":-16.34533057165239,"vy":-0.708688328601715,"goals":{"home":0,"away":0},"ball":{"x":927.0490045385856,"y":647.2701660654028,"vx":-9.155836754026387,"vy":5.006236425385278},"t":1773867800176,"pid":"e06b11d8-43ae-4784-8001-6f74a1bf28e8"}