{"x":1120.6085793969696,"y":200.0566588082147,"vx":-7.947609437949866,"vy":-6.154240355605109,"goals":{"home":0,"away":0},"ball":{"x":1105.2743009385347,"y":342.41193902448305,"vx":0.10767349245070655,"vy":-0.8474482482424465},"t":1773867766425,"pid":"e06b11d8-43ae-4784-8001-6f74a1bf28e8"}