{"x":41.69409105285807,"y":272.9188265050474,"vx":0.020809805123891346,"vy":0.0000713153032423801,"goals":{"home":0,"away":0},"ball":{"x":203.36139046209456,"y":58.10224749138179,"vx":-0.11643211005617204,"vy":-0.01867238641159975},"t":1773867731919,"pid":"e06b11d8-43ae-4784-8001-6f74a1bf28e8"}