{"x":882.5033813933558,"y":244.5433818201934,"vx":-0.0004523952300814013,"vy":8.425247489349136,"goals":{"home":0,"away":0},"t":1773867653924,"pid":"1c7e3644-194b-489e-830d-d3f6a70dae55"}