{"x":854.3992294047025,"y":171.71839091452063,"vx":-7.271411568134985,"vy":1.2191806557089475,"goals":{"home":0,"away":0},"ball":{"x":847.6516974328143,"y":392.4880947863872,"vx":-0.9093817972434439,"vy":7.699309896887915},"t":1773866743670,"pid":"828302ab-d9d5-4a8d-8f33-1e686f7b3b07"}