{"x":1059.7758323664295,"y":762.8397754704874,"vx":-2.1977238402739165,"vy":-0.004631352468194704,"goals":{"home":0,"away":0},"t":1773867702829,"pid":"1c7e3644-194b-489e-830d-d3f6a70dae55"}