{"x":994.9444924703324,"y":767.195439234449,"vx":-0.7842915105668058,"vy":0.004162438260111141,"goals":{"home":0,"away":0},"t":1773867695329,"pid":"1c7e3644-194b-489e-830d-d3f6a70dae55"}