{"x":471.14844173171036,"y":281.0729916988821,"vx":-0.7746046970410297,"vy":5.723053615639098,"goals":{"home":1,"away":1},"t":1773867835721,"pid":"1c7e3644-194b-489e-830d-d3f6a70dae55"}