{"x":716.2424222293308,"y":553.1289855035584,"vx":-6.641680777647442e-7,"vy":-8.41462352076013,"goals":{"home":0,"away":0},"ball":{"x":761.3821645314268,"y":514.7217200030973,"vx":-0.0379723739971025,"vy":-0.25719544931331406},"t":1773866748940,"pid":"828302ab-d9d5-4a8d-8f33-1e686f7b3b07"}