{"x":666.1868061764659,"y":387.6059701439757,"vx":0.7538355425745696,"vy":-4.166869548991002,"goals":{"home":0,"away":0},"ball":{"x":721.0941672945671,"y":384.8858483387249,"vx":0.056759578863626745,"vy":-1.0610986579162693},"t":1773866760793,"pid":"828302ab-d9d5-4a8d-8f33-1e686f7b3b07"}