{"x":797.4785871584112,"y":634.7524548497207,"vx":4.218838779510535,"vy":3.618290244298501,"goals":{"home":0,"away":0},"t":1773867670131,"pid":"1c7e3644-194b-489e-830d-d3f6a70dae55"}