{"x":623.1497019607973,"y":752.4553946051593,"vx":3.5537236887886308,"vy":-0.43078227463471974,"goals":{"home":0,"away":0},"ball":{"x":651.9987554567161,"y":781.1921966560179,"vx":4.731517992806667,"vy":-1.8943343269056174},"t":1773866702293,"pid":"828302ab-d9d5-4a8d-8f33-1e686f7b3b07"}