{"x":400.32198011908275,"y":364.4018419917751,"vx":-2.9510103172378352,"vy":-2.00953334955828,"goals":{"home":0,"away":1},"ball":{"x":600,"y":400,"vx":0,"vy":0},"t":1773867809620,"pid":"e06b11d8-43ae-4784-8001-6f74a1bf28e8"}