{"x":938.8688471099902,"y":768.9174618176394,"vx":-2.442798649502501,"vy":0.016688462895088175,"goals":{"home":0,"away":0},"t":1773867690226,"pid":"1c7e3644-194b-489e-830d-d3f6a70dae55"}