{"x":743.673927044323,"y":436.99227851922166,"vx":-1.407291189986151,"vy":0.4316944558787078,"goals":{"home":0,"away":0},"ball":{"x":729.2175763687104,"y":480.5511433205199,"vx":-2.0929334269472357,"vy":3.511630355291287},"t":1773866780724,"pid":"828302ab-d9d5-4a8d-8f33-1e686f7b3b07"}