{"x":1005.8519523326013,"y":256.48805773529926,"vx":-0.22020705590969472,"vy":1.5694176771227482,"goals":{"home":0,"away":0},"ball":{"x":1051.0414959810885,"y":385.959969916459,"vx":0.23682267532899554,"vy":6.04755562817666},"t":1773866695843,"pid":"828302ab-d9d5-4a8d-8f33-1e686f7b3b07"}