{"x":222.42398514806254,"y":332.7908618867518,"vx":-6.4718519998494015,"vy":-11.146819459075829,"goals":{"home":0,"away":0},"ball":{"x":676.2625146112669,"y":389.39932710455616,"vx":0.3332668192433583,"vy":-0.04632488917670505},"t":1773867516667,"pid":"e06b11d8-43ae-4784-8001-6f74a1bf28e8"}