{"x":142.525441415956,"y":600.7773633030965,"vx":-0.008430175257630087,"vy":-0.20715899880411714,"goals":{"home":0,"away":0},"ball":{"x":156.26030174359948,"y":559.7561123502616,"vx":-1.370092281349754,"vy":-0.5993122043829388},"t":1773867803327,"pid":"e06b11d8-43ae-4784-8001-6f74a1bf28e8"}