{"x":972.2639953141771,"y":501.65170533281287,"vx":-0.6392165637523768,"vy":0.15029777986251633,"goals":{"home":0,"away":0},"ball":{"x":867.9158586802195,"y":492.21207600915005,"vx":-0.24063026421534897,"vy":0.5768182775475658},"t":1773867644017,"pid":"e06b11d8-43ae-4784-8001-6f74a1bf28e8"}