{"x":908.284465545734,"y":477.0786822109945,"vx":0.01366101420371203,"vy":-0.020851307793196792,"goals":{"home":0,"away":0},"ball":{"x":844.2580537822903,"y":548.9225414041713,"vx":-0.001662537973646465,"vy":0.003985293759466364},"t":1773867652273,"pid":"e06b11d8-43ae-4784-8001-6f74a1bf28e8"}