{"x":664.3228273998255,"y":493.3489328040082,"vx":2.8425156967043845,"vy":-0.03951899615185967,"goals":{"home":0,"away":0},"ball":{"x":738.488160376019,"y":452.06676296878675,"vx":-0.2459770264028335,"vy":-0.5386965449125417},"t":1773866752093,"pid":"828302ab-d9d5-4a8d-8f33-1e686f7b3b07"}