{"x":908.5337724596296,"y":476.69815591045113,"vx":0.0005395976828896036,"vy":-0.0008236077645955209,"goals":{"home":0,"away":0},"ball":{"x":844.1808449348316,"y":549.1076198461855,"vx":-0.0008826506255822701,"vy":0.0021158145472051156},"t":1773867653324,"pid":"e06b11d8-43ae-4784-8001-6f74a1bf28e8"}