{"x":714.2761549102552,"y":279.0378842735921,"vx":-0.24644254041843383,"vy":-1.343561907983559,"goals":{"home":1,"away":1},"ball":{"x":749.3143018388606,"y":201.85660861808202,"vx":0.4257621974486077,"vy":0.38074836776072535},"t":1773867827624,"pid":"e06b11d8-43ae-4784-8001-6f74a1bf28e8"}