{"x":876.2942197734072,"y":356.6832318750163,"vx":-0.9899237627307809,"vy":-0.000002295508064029949,"goals":{"home":0,"away":0},"t":1773867782929,"pid":"1c7e3644-194b-489e-830d-d3f6a70dae55"}