{"x":752.562895900463,"y":437.9310670347121,"vx":-10.294579975073056,"vy":-2.7788640374136726,"goals":{"home":0,"away":0},"ball":{"x":700.7606332022245,"y":385.99402971749396,"vx":0.08581107590034814,"vy":-0.011927945873047406},"t":1773867518916,"pid":"e06b11d8-43ae-4784-8001-6f74a1bf28e8"}