{"x":671.6527181632213,"y":210.97171724650755,"vx":-0.669310924979406,"vy":-0.4823915343730605,"goals":{"home":0,"away":0},"ball":{"x":679.7538074050015,"y":265.6775941544884,"vx":-0.5191165766472478,"vy":0.5234180479993287},"t":1773866790338,"pid":"828302ab-d9d5-4a8d-8f33-1e686f7b3b07"}