{"x":594.1053452932267,"y":663.3534734809396,"vx":-0.10719864433901498,"vy":-0.058467876722616184,"goals":{"home":0,"away":0},"ball":{"x":585.186176619939,"y":648.7547001745892,"vx":-0.483429973499869,"vy":-0.29847132794966585},"t":1773866794838,"pid":"828302ab-d9d5-4a8d-8f33-1e686f7b3b07"}