{"x":689.1690055399192,"y":617.4934923281482,"vx":-5.147943040051475,"vy":0.023141891169226235,"goals":{"home":0,"away":0},"t":1773867802878,"pid":"1c7e3644-194b-489e-830d-d3f6a70dae55"}