{"x":1047.3380828426998,"y":463.64526645437496,"vx":-4.715622089746875,"vy":-2.8802396031457405,"goals":{"home":0,"away":0},"t":1773867699058,"pid":"1c7e3644-194b-489e-830d-d3f6a70dae55"}