{"x":407.89059151100753,"y":345.181284183705,"vx":10.623349383056963,"vy":-6.370014760254629,"goals":{"home":0,"away":0},"ball":{"x":693.2544081145162,"y":387.0374130525435,"vx":0.16163153133174807,"vy":-0.022467171479608906},"t":1773867517869,"pid":"e06b11d8-43ae-4784-8001-6f74a1bf28e8"}