{"x":456.4309524879318,"y":342.2915662669038,"vx":-7.771310450403836e-20,"vy":0.001023375216898174,"goals":{"home":1,"away":1},"t":1773867851775,"pid":"1c7e3644-194b-489e-830d-d3f6a70dae55"}