{"x":36.02066033601164,"y":608.0084587544226,"vx":5.136599193672654,"vy":-4.314546467336883,"goals":{"home":0,"away":0},"t":1773867742726,"pid":"1c7e3644-194b-489e-830d-d3f6a70dae55"}