{"x":449.78238130403764,"y":377.0193861304673,"vx":-0.0000020271018825930208,"vy":-9.214255199167409e-9,"goals":{"home":0,"away":0},"ball":{"x":362.1171322186883,"y":234.93962874116693,"vx":-0.11393087444931241,"vy":-0.049413646017469275},"t":1773867528116,"pid":"e06b11d8-43ae-4784-8001-6f74a1bf28e8"}