{"x":843.4731002691872,"y":240.03844647260678,"vx":2.6040234298183487,"vy":-0.8357783910203749,"goals":{"home":0,"away":0},"ball":{"x":829.6941483513749,"y":327.49274453472833,"vx":-0.25309043779118473,"vy":0.2616866745838029},"t":1773866723424,"pid":"828302ab-d9d5-4a8d-8f33-1e686f7b3b07"}