{"x":456.4309524879318,"y":342.31101039602396,"vx":-4.527704116936812e-34,"vy":5.9623665947873456e-18,"goals":{"home":1,"away":1},"t":1773867862426,"pid":"1c7e3644-194b-489e-830d-d3f6a70dae55"}