{"x":987.4275300838951,"y":767.4383246134072,"vx":-0.5809684281887061,"vy":-0.26574896833377987,"goals":{"home":0,"away":0},"t":1773867689024,"pid":"1c7e3644-194b-489e-830d-d3f6a70dae55"}