{"x":857.4858511616599,"y":356.683188260787,"vx":-0.000009625270412689013,"vy":-2.2319785303310693e-11,"goals":{"home":0,"away":0},"t":1773867786679,"pid":"1c7e3644-194b-489e-830d-d3f6a70dae55"}