{"x":64.23955934608638,"y":645.8625087352573,"vx":0.24308044383449773,"vy":0.6245818773979732,"goals":{"home":0,"away":0},"t":1773867806780,"pid":"1c7e3644-194b-489e-830d-d3f6a70dae55"}