{"x":929.3894230754673,"y":356.68494025528435,"vx":-0.0344081470497281,"vy":-0.00009221025902072016,"goals":{"home":0,"away":0},"t":1773867781728,"pid":"1c7e3644-194b-489e-830d-d3f6a70dae55"}