{"x":1110.7491177235956,"y":390.33125564013307,"vx":-0.004234643144503998,"vy":2.1764684926678113,"goals":{"home":0,"away":0},"ball":{"x":1144.4819287689977,"y":413.4110533686176,"vx":0.014125501070206756,"vy":0.6494885290334058},"t":1773867769424,"pid":"e06b11d8-43ae-4784-8001-6f74a1bf28e8"}