{"x":744.6220573266094,"y":344.6897062409019,"vx":0.038391300730103294,"vy":3.565624999999802,"goals":{"home":0,"away":0},"t":1773867759981,"pid":"1c7e3644-194b-489e-830d-d3f6a70dae55"}