{"x":511.0220807842432,"y":115.35470661527012,"vx":-1.3896440442683216,"vy":-0.05104621727085706,"goals":{"home":0,"away":0},"ball":{"x":543.4126553406747,"y":140.5845897003201,"vx":-1.2864947693052335,"vy":1.6146599608447567},"t":1773866778472,"pid":"828302ab-d9d5-4a8d-8f33-1e686f7b3b07"}