{"x":146.42038211663555,"y":696.4897288584699,"vx":-0.21342705424075703,"vy":-5.244651922771131,"goals":{"home":0,"away":0},"ball":{"x":276.1075469487107,"y":612.1802575635595,"vx":-2.5806705157448167,"vy":-1.1288490247192788},"t":1773867802273,"pid":"e06b11d8-43ae-4784-8001-6f74a1bf28e8"}