{"x":1134.780947004262,"y":457.59428470726203,"vx":0.0002955810236144767,"vy":-0.00003691173505153965,"goals":{"home":0,"away":0},"ball":{"x":1012.7550494338483,"y":776.1779112171554,"vx":-0.5078670712401891,"vy":0.4337017133417171},"t":1773867709882,"pid":"e06b11d8-43ae-4784-8001-6f74a1bf28e8"}