{"x":1134.7861925496666,"y":457.5936296510619,"vx":0.000019499686495977084,"vy":-0.000002435092932306698,"goals":{"home":0,"away":0},"ball":{"x":999.4713677543444,"y":779.4309961271503,"vx":0.16397010040030227,"vy":-0.10935256072755412},"t":1773867710769,"pid":"e06b11d8-43ae-4784-8001-6f74a1bf28e8"}