{"x":881.9248162716352,"y":309.1842530577268,"vx":-2.536270946848032,"vy":-0.000056041966540719884,"goals":{"home":0,"away":0},"t":1773867771958,"pid":"1c7e3644-194b-489e-830d-d3f6a70dae55"}