{"x":885.5624666679109,"y":592.59207702573,"vx":9.6291159030633,"vy":0.0002492951294125667,"goals":{"home":0,"away":0},"ball":{"x":1114.84786474396,"y":597.5017623623107,"vx":0.28426595186654363,"vy":-0.5250186307749848},"t":1773866728388,"pid":"828302ab-d9d5-4a8d-8f33-1e686f7b3b07"}