{"x":1.0569079290536278,"y":335.8678016560217,"vx":-0.5056565753671578,"vy":-9.365699600183756,"goals":{"home":0,"away":0},"t":1773867736582,"pid":"1c7e3644-194b-489e-830d-d3f6a70dae55"}