{"x":1022.9906206824014,"y":173.97946648693923,"vx":-1.5107215821342408,"vy":5.38691126128431,"goals":{"home":0,"away":0},"ball":{"x":1132.8873852478412,"y":347.5644655929349,"vx":-0.32938412273475043,"vy":0.19508020533726123},"t":1773866691343,"pid":"828302ab-d9d5-4a8d-8f33-1e686f7b3b07"}