{"x":1134.7865630074832,"y":751.4142456087875,"vx":1.9066745999618924e-9,"vy":-0.13603250837354386,"goals":{"home":0,"away":0},"ball":{"x":1013.0453063792735,"y":770.3784618896838,"vx":0.02685960923940475,"vy":-0.01791282095516097},"t":1773867713766,"pid":"e06b11d8-43ae-4784-8001-6f74a1bf28e8"}