{"x":48.46239597483223,"y":62.59583652538982,"vx":-4.146897851919074,"vy":-6.858618981598288,"goals":{"home":0,"away":0},"t":1773867741379,"pid":"1c7e3644-194b-489e-830d-d3f6a70dae55"}