{"x":566.6839698144105,"y":337.12418949437904,"vx":-1.280813110868535,"vy":9.420983490119589,"goals":{"home":0,"away":0},"ball":{"x":632.5797767562267,"y":450.5078068795887,"vx":-0.49556843523992555,"vy":2.4647713460518403},"t":1773866791692,"pid":"828302ab-d9d5-4a8d-8f33-1e686f7b3b07"}