{"x":592.0685710518867,"y":662.2425838238104,"vx":-5.797077325766495e-11,"vy":-3.1618198581176494e-11,"goals":{"home":0,"away":0},"ball":{"x":538.0581014797544,"y":619.6576645295573,"vx":-0.007388810467702921,"vy":-0.004561876989748304},"t":1773866993139,"pid":"828302ab-d9d5-4a8d-8f33-1e686f7b3b07"}