{"x":429.52470539463326,"y":354.75349438536756,"vx":-0.8010666981087573,"vy":-0.04659882047817138,"goals":{"home":1,"away":1},"t":1773867823570,"pid":"1c7e3644-194b-489e-830d-d3f6a70dae55"}