{"x":685.4899402500253,"y":732.0922233117527,"vx":1.8970189039187038,"vy":3.2925856561626725,"goals":{"home":0,"away":0},"ball":{"x":776.4847696599882,"y":670.374447705009,"vx":5.598302062607356,"vy":2.166106683550134},"t":1773866781923,"pid":"828302ab-d9d5-4a8d-8f33-1e686f7b3b07"}