{"x":84.79798500880969,"y":678.7536985890638,"vx":0.001217663396366331,"vy":-9.909888706281956,"goals":{"home":0,"away":0},"t":1773867721277,"pid":"1c7e3644-194b-489e-830d-d3f6a70dae55"}