{"x":663.8441365858058,"y":750.4001327061974,"vx":4.366586835685335,"vy":-2.388048525461411,"goals":{"home":0,"away":1},"ball":{"x":600,"y":400,"vx":0,"vy":0},"t":1773867807522,"pid":"e06b11d8-43ae-4784-8001-6f74a1bf28e8"}