{"x":456.4309524879318,"y":342.31101039602396,"vx":-2.8059323735798434e-37,"vy":3.6950288754255805e-21,"goals":{"home":1,"away":1},"t":1773867864822,"pid":"1c7e3644-194b-489e-830d-d3f6a70dae55"}