{"x":38.64315492471367,"y":424.3511977390176,"vx":-0.001426837311661458,"vy":11.601625165052877,"goals":{"home":0,"away":0},"t":1773867745580,"pid":"1c7e3644-194b-489e-830d-d3f6a70dae55"}