{"x":778.1975537780725,"y":45.76703908273018,"vx":-7.772885322419166,"vy":-2.5266472924286734,"goals":{"home":0,"away":0},"ball":{"x":755.2461221486777,"y":65.95299225494607,"vx":-2.4285437268609895,"vy":2.692147730706817},"t":1773866730492,"pid":"828302ab-d9d5-4a8d-8f33-1e686f7b3b07"}