{"x":1086.4899592955653,"y":769.0577857824654,"vx":-6.090524188387138,"vy":-0.007757809712639048,"goals":{"home":0,"away":0},"t":1773867685726,"pid":"1c7e3644-194b-489e-830d-d3f6a70dae55"}