{"x":499.66664886858234,"y":236.33621080207132,"vx":-1.5890879068006065,"vy":-4.408744419669266,"goals":{"home":1,"away":1},"t":1773867832423,"pid":"1c7e3644-194b-489e-830d-d3f6a70dae55"}