{"x":994.5154908474193,"y":320.7483726654075,"vx":3.688244723739166,"vy":-0.48020404368383574,"goals":{"home":0,"away":0},"ball":{"x":1122.9056790057828,"y":381.30439986133206,"vx":-0.004498170608948307,"vy":-0.014015804072494639},"t":1773867789526,"pid":"e06b11d8-43ae-4784-8001-6f74a1bf28e8"}