{"x":463.347583436056,"y":303.41768080429074,"vx":0.0453791234756274,"vy":1.2626237459247958,"goals":{"home":1,"away":1},"t":1773867912823,"pid":"1c7e3644-194b-489e-830d-d3f6a70dae55"}