{"x":975.891899369066,"y":356.68318826036347,"vx":0.018093100655697403,"vy":-1.2786759779858198e-28,"goals":{"home":0,"away":0},"t":1773867799580,"pid":"1c7e3644-194b-489e-830d-d3f6a70dae55"}