{"x":642.191220299037,"y":287.34606663203056,"vx":-15.515779915388,"vy":-0.7508420103876449,"goals":{"home":0,"away":0},"ball":{"x":522.0479947888932,"y":272.30784886674564,"vx":-5.779765247679864,"vy":-2.541254305977506},"t":1773866706321,"pid":"828302ab-d9d5-4a8d-8f33-1e686f7b3b07"}