{"x":1134.7865491412401,"y":457.5935851204167,"vx":7.317089506481634e-7,"vy":-9.137476618388124e-8,"goals":{"home":0,"away":0},"ball":{"x":1007.1723789198427,"y":774.295149475335,"vx":0.08618210882961262,"vy":-0.057475321820328135},"t":1773867711829,"pid":"e06b11d8-43ae-4784-8001-6f74a1bf28e8"}