{"x":642.1545036084617,"y":134.11484645596784,"vx":-8.984070229886106,"vy":-2.4588189172287542,"goals":{"home":0,"away":0},"ball":{"x":523.1668443640156,"y":343.9074248659602,"vx":1.7828756084735533,"vy":-3.58860615158869},"t":1773867750371,"pid":"e06b11d8-43ae-4784-8001-6f74a1bf28e8"}