{"x":915.9412175813893,"y":76.6672971159795,"vx":2.168398277256321,"vy":-1.5135461852378402,"goals":{"home":1,"away":1},"ball":{"x":483.1219940674649,"y":42.65640733788585,"vx":3.1145733870586634,"vy":-3.4816052848865304},"t":1773867824326,"pid":"e06b11d8-43ae-4784-8001-6f74a1bf28e8"}