{"x":857.4856684613487,"y":356.68318826036347,"vx":-9.464543103349597e-9,"vy":-2.1947078991381527e-14,"goals":{"home":0,"away":0},"t":1773867788929,"pid":"1c7e3644-194b-489e-830d-d3f6a70dae55"}