{"x":533.1322263598911,"y":619.0331119659911,"vx":-0.18672083456297758,"vy":-0.5060503659198804,"goals":{"home":0,"away":0},"ball":{"x":558.8396908254309,"y":606.2328679189627,"vx":-0.43725904864045484,"vy":-0.4022165649959544},"t":1773866787922,"pid":"828302ab-d9d5-4a8d-8f33-1e686f7b3b07"}