{"x":809.9833948553895,"y":373.8067050321175,"vx":-2.1639855149730227,"vy":0.05451959290091851,"goals":{"home":0,"away":0},"t":1773867632031,"pid":"1c7e3644-194b-489e-830d-d3f6a70dae55"}