{"x":449.78262750293703,"y":377.01938724957216,"vx":-0.000014984938701015443,"vy":-6.811450895522535e-8,"goals":{"home":0,"away":0},"ball":{"x":367.52980884106324,"y":237.2871933316945,"vx":-0.16860437568542122,"vy":-0.07312641965916282},"t":1773867527471,"pid":"e06b11d8-43ae-4784-8001-6f74a1bf28e8"}