{"x":446.06277006833926,"y":35.54436798493367,"vx":0.36874688974503095,"vy":-1.8317297286266838,"goals":{"home":0,"away":0},"t":1773867619581,"pid":"1c7e3644-194b-489e-830d-d3f6a70dae55"}