{"x":519.5733933082485,"y":651.0594117742647,"vx":3.872779114319204,"vy":6.74214475312477,"goals":{"home":1,"away":1},"t":1773867901720,"pid":"1c7e3644-194b-489e-830d-d3f6a70dae55"}