{"x":1156.6018753112326,"y":568.1480327556653,"vx":-2.5570837105288637,"vy":-3.715704879343632,"goals":{"home":0,"away":0},"ball":{"x":1163.4650516571587,"y":507.6829367834471,"vx":-0.414188803451104,"vy":-1.2905666820736588},"t":1773867782026,"pid":"e06b11d8-43ae-4784-8001-6f74a1bf28e8"}