{"x":1105.1800092386407,"y":195.44263755655047,"vx":-0.0018136611881413524,"vy":-0.21000741677695076,"goals":{"home":0,"away":0},"ball":{"x":1128.6579422472341,"y":337.7218927230933,"vx":-0.1518289874029569,"vy":0.004863092320224067},"t":1773866767827,"pid":"828302ab-d9d5-4a8d-8f33-1e686f7b3b07"}