{"x":485.8345762024081,"y":358.4483523815135,"vx":-0.8926100544504346,"vy":0.2367224956153278,"goals":{"home":1,"away":1},"t":1773867933077,"pid":"1c7e3644-194b-489e-830d-d3f6a70dae55"}