{"x":0,"y":382.81902705121064,"vx":-0.8474576223357827,"vy":-0.3272084495527011,"goals":{"home":0,"away":1},"ball":{"x":600,"y":400,"vx":0,"vy":0},"t":1773867811877,"pid":"e06b11d8-43ae-4784-8001-6f74a1bf28e8"}