{"x":5.754354200570316,"y":351.1716353071655,"vx":0.5162339487665275,"vy":3.7626426786830094,"goals":{"home":0,"away":0},"t":1773867747378,"pid":"1c7e3644-194b-489e-830d-d3f6a70dae55"}