{"x":667.4032993521986,"y":308.8562289738459,"vx":-2.758068386957848,"vy":-0.20295941967610298,"goals":{"home":0,"away":0},"t":1773867615832,"pid":"1c7e3644-194b-489e-830d-d3f6a70dae55"}