{"x":228.00885985615747,"y":764.6426324139471,"vx":-0.33944227457562975,"vy":-0.002673898689900161,"goals":{"home":0,"away":0},"ball":{"x":305.12241976670157,"y":485.4586478896485,"vx":-3.4352441334283097,"vy":-1.3797507845794839},"t":1773867716017,"pid":"e06b11d8-43ae-4784-8001-6f74a1bf28e8"}