{"x":34.58186491427222,"y":345.20768563248754,"vx":1.1589277434847247,"vy":-0.21163707324154327,"goals":{"home":0,"away":0},"t":1773867750975,"pid":"1c7e3644-194b-489e-830d-d3f6a70dae55"}