{"x":1061.8447505043484,"y":333.2798596304289,"vx":0.29624990808715723,"vy":0.2618944402382634,"goals":{"home":0,"away":0},"ball":{"x":1122.4957386758826,"y":380.02707095480406,"vx":-0.000357359195809072,"vy":-0.0011134918853456409},"t":1773867793726,"pid":"e06b11d8-43ae-4784-8001-6f74a1bf28e8"}