{"x":17.53194912512768,"y":404.13334746696535,"vx":2.3963605316845578,"vy":0.9751841439566922,"goals":{"home":0,"away":0},"t":1773867749781,"pid":"1c7e3644-194b-489e-830d-d3f6a70dae55"}