{"x":579.7731275479002,"y":216.18150481519723,"vx":3.20002230926813,"vy":-1.5338416315816772,"goals":{"home":0,"away":0},"ball":{"x":669.6269577573692,"y":244.05214820486773,"vx":-1.8341305599573123,"vy":-0.07796122923616909},"t":1773867630519,"pid":"e06b11d8-43ae-4784-8001-6f74a1bf28e8"}