{"x":857.4582149351135,"y":94.2644843183535,"vx":1.8557488677881442,"vy":0.1235594818731566,"goals":{"home":0,"away":0},"ball":{"x":862.1517804741902,"y":155.35024399389602,"vx":-0.1293277920481912,"vy":0.07757690408917067},"t":1773866685941,"pid":"828302ab-d9d5-4a8d-8f33-1e686f7b3b07"}