{"x":84.23539567023782,"y":44.18414698654031,"vx":0.030827628584357596,"vy":9.067308409334395,"goals":{"home":0,"away":0},"t":1773867720229,"pid":"1c7e3644-194b-489e-830d-d3f6a70dae55"}