{"x":1130.7566394558291,"y":759.3547137987293,"vx":-0.8555741248518269,"vy":-0.003169111074656254,"goals":{"home":0,"away":0},"t":1773867683331,"pid":"1c7e3644-194b-489e-830d-d3f6a70dae55"}