{"x":10.934073661915605,"y":248.78195970723678,"vx":-3.611208055188157,"vy":0.22020281381422546,"goals":{"home":0,"away":0},"t":1773867724277,"pid":"1c7e3644-194b-489e-830d-d3f6a70dae55"}