{"x":534.8453608125486,"y":333.9693178456311,"vx":3.2601154807837216,"vy":0.3579196988788382,"goals":{"home":0,"away":0},"ball":{"x":1080.6554494691113,"y":77.75675819255673,"vx":-3.1148003457949627,"vy":0.39455790488979803},"t":1773866741421,"pid":"828302ab-d9d5-4a8d-8f33-1e686f7b3b07"}