{"x":774.2758479512173,"y":570.2891764194586,"vx":0.2101444329590092,"vy":1.1088671134834984,"goals":{"home":0,"away":0},"ball":{"x":847.6582793687271,"y":540.7718116011813,"vx":-0.03600825096795425,"vy":0.08631589783007415},"t":1773867647169,"pid":"e06b11d8-43ae-4784-8001-6f74a1bf28e8"}