{"x":456.4309524879318,"y":342.31052634841797,"vx":-1.9346118313119217e-21,"vy":0.00002547618982818695,"goals":{"home":1,"away":1},"t":1773867852976,"pid":"1c7e3644-194b-489e-830d-d3f6a70dae55"}