{"x":927.2498304250186,"y":761.4128941293086,"vx":-0.9507706239415276,"vy":-1.54590230456151,"goals":{"home":0,"away":0},"ball":{"x":806.924965719987,"y":781.7023898398802,"vx":-2.825249587875961,"vy":-0.45700307730510764},"t":1773866698391,"pid":"828302ab-d9d5-4a8d-8f33-1e686f7b3b07"}