{"x":319.9698097825151,"y":204.2938807047643,"vx":-0.581852398274957,"vy":-0.08016956439059734,"goals":{"home":0,"away":0},"t":1773867618366,"pid":"1c7e3644-194b-489e-830d-d3f6a70dae55"}