{"x":1065.0031982666146,"y":726.8543123754695,"vx":2.157935852104047,"vy":-0.35129511992361806,"goals":{"home":0,"away":0},"t":1773867700280,"pid":"1c7e3644-194b-489e-830d-d3f6a70dae55"}