{"x":323.0267351879474,"y":348.97956440705434,"vx":6.622702767947085,"vy":-6.504299791404722e-11,"goals":{"home":0,"away":1},"t":1773867817876,"pid":"1c7e3644-194b-489e-830d-d3f6a70dae55"}