{"x":592.0705738140098,"y":662.2436761627079,"vx":-0.00010540859076849619,"vy":-0.00005749155251503587,"goals":{"home":0,"away":0},"ball":{"x":549.6497111292798,"y":626.814364185808,"vx":-0.12447577662451982,"vy":-0.07685177250743326},"t":1773866797087,"pid":"828302ab-d9d5-4a8d-8f33-1e686f7b3b07"}