{"x":559.6962540879932,"y":368.2228027260494,"vx":2.0011934830478584,"vy":4.7530666846341,"goals":{"home":0,"away":0},"ball":{"x":600,"y":400,"vx":0,"vy":0},"t":1773867514570,"pid":"e06b11d8-43ae-4784-8001-6f74a1bf28e8"}