{"x":865.213477261957,"y":127.99016676484915,"vx":0.3317567211582788,"vy":-1.477008574515263,"goals":{"home":0,"away":0},"t":1773867664576,"pid":"1c7e3644-194b-489e-830d-d3f6a70dae55"}