{"x":864.38539362827,"y":646.2455631412618,"vx":-4.147877104509003,"vy":2.150089652136213,"goals":{"home":0,"away":0},"t":1773867658576,"pid":"1c7e3644-194b-489e-830d-d3f6a70dae55"}