{"x":1142.7962883020905,"y":354.91963265937767,"vx":0.23457370467570207,"vy":-0.044006333887116965,"goals":{"home":0,"away":0},"ball":{"x":1163.9473058321898,"y":489.50897307774756,"vx":-1.523591237952306,"vy":1.1644987827965991},"t":1773867796725,"pid":"e06b11d8-43ae-4784-8001-6f74a1bf28e8"}