{"x":486.6136868555663,"y":293.3373408030266,"vx":0.28954577150193694,"vy":-0.008167897104675173,"goals":{"home":1,"away":1},"t":1773867935479,"pid":"1c7e3644-194b-489e-830d-d3f6a70dae55"}