{"x":531.384574813683,"y":267.71208589312823,"vx":0.4600215975877057,"vy":0.012315468688234072,"goals":{"home":1,"away":1},"t":1773867916121,"pid":"1c7e3644-194b-489e-830d-d3f6a70dae55"}