{"x":1017.0921555752383,"y":371.38823311333897,"vx":-7.882513529482694e-7,"vy":-1.8954598567328667,"goals":{"home":0,"away":0},"ball":{"x":1124.189857252755,"y":385.30575780624747,"vx":-0.017469668053096656,"vy":-0.05443356109184325},"t":1773867787276,"pid":"e06b11d8-43ae-4784-8001-6f74a1bf28e8"}