{"x":1052.322799255261,"y":358.4649356406568,"vx":0.9954141592768588,"vy":-0.09377617791020622,"goals":{"home":0,"away":0},"t":1773867779479,"pid":"1c7e3644-194b-489e-830d-d3f6a70dae55"}