{"x":726.4327866110792,"y":441.6576881402826,"vx":3.062921981928152,"vy":0.9894641037288252,"goals":{"home":0,"away":0},"ball":{"x":707.7325898145878,"y":385.0249109851046,"vx":0.015387271735068517,"vy":-0.0021388677681062},"t":1773867521770,"pid":"e06b11d8-43ae-4784-8001-6f74a1bf28e8"}