{"x":689.5291625380992,"y":40.31509217157512,"vx":5.300079593543679,"vy":-11.01765892730879,"goals":{"home":0,"away":0},"t":1773867633233,"pid":"1c7e3644-194b-489e-830d-d3f6a70dae55"}