{"x":1017.0925197660387,"y":402.94057844212495,"vx":-0.000019956188230935416,"vy":-3.5561096108794974,"goals":{"home":0,"away":0},"ball":{"x":1125.7179963564577,"y":390.067270904573,"vx":-0.032905416575342995,"vy":-0.10252965299412116},"t":1773867786220,"pid":"e06b11d8-43ae-4784-8001-6f74a1bf28e8"}