{"x":857.7807670375743,"y":356.6831889446598,"vx":-0.015531513476414183,"vy":-3.6015616327208695e-8,"goals":{"home":0,"away":0},"t":1773867784277,"pid":"1c7e3644-194b-489e-830d-d3f6a70dae55"}