{"x":389.6147466665559,"y":86.76271284161668,"vx":-0.7506188795205097,"vy":0.0341066689936836,"goals":{"home":0,"away":0},"ball":{"x":945.5278426280021,"y":61.30814377254422,"vx":5.490109740922745,"vy":1.3315311236492369},"t":1773867618820,"pid":"e06b11d8-43ae-4784-8001-6f74a1bf28e8"}