{"x":842.487533729126,"y":436.8333479219969,"vx":3.499625326999355,"vy":2.3629616360415917,"goals":{"home":0,"away":0},"ball":{"x":946.7898094121731,"y":397.69003643729883,"vx":1.3460674325830282,"vy":1.374360047145847},"t":1773867755322,"pid":"e06b11d8-43ae-4784-8001-6f74a1bf28e8"}