{"x":481.07436349227,"y":230.7153916478364,"vx":-0.43863119384106547,"vy":-6.289954239011508,"goals":{"home":1,"away":1},"t":1773867891076,"pid":"1c7e3644-194b-489e-830d-d3f6a70dae55"}