{"x":988.0259851657429,"y":8.860911445631357,"vx":-7.005979485389899,"vy":2.8034960840253462,"goals":{"home":0,"away":0},"ball":{"x":954.0184215135181,"y":59.55099384634085,"vx":0.9349801525783497,"vy":-1.4164198028524622},"t":1773867639817,"pid":"e06b11d8-43ae-4784-8001-6f74a1bf28e8"}