{"x":912.4573040905802,"y":711.3400700900078,"vx":-2.5562466394374765,"vy":-7.486685615598789,"goals":{"home":0,"away":0},"ball":{"x":933.8639976467841,"y":455.50740845816875,"vx":-3.695504110644721,"vy":-1.7187202378879496},"t":1773866705140,"pid":"828302ab-d9d5-4a8d-8f33-1e686f7b3b07"}