{"x":1045.0240662336066,"y":507.7288921092542,"vx":1.7182488020384972,"vy":0.025040227627289087,"goals":{"home":0,"away":0},"ball":{"x":1053.9136009746162,"y":481.190492875388,"vx":1.2119262089624703,"vy":-1.5012666625464282},"t":1773867757572,"pid":"e06b11d8-43ae-4784-8001-6f74a1bf28e8"}