{"x":1136.961878450392,"y":89.72630250312807,"vx":0.549120539312592,"vy":-5.693710050886285,"goals":{"home":0,"away":0},"ball":{"x":1175.796446264725,"y":64.18489465012102,"vx":2.945980333800415,"vy":-8.930642781115589},"t":1773866718791,"pid":"828302ab-d9d5-4a8d-8f33-1e686f7b3b07"}