{"x":456.4309524879318,"y":342.31101036619486,"vx":-1.1922168045474242e-25,"vy":1.5699863475148723e-9,"goals":{"home":1,"away":1},"t":1773867856121,"pid":"1c7e3644-194b-489e-830d-d3f6a70dae55"}