{"x":469.5083215118545,"y":293.559059766399,"vx":-0.5613283522187401,"vy":1.1260601576682805,"goals":{"home":1,"away":1},"t":1773867909226,"pid":"1c7e3644-194b-489e-830d-d3f6a70dae55"}