{"x":1114.174962530627,"y":446.8061873427075,"vx":2.315457735432775,"vy":-0.7958963337834875,"goals":{"home":0,"away":0},"ball":{"x":1145.1379220002443,"y":443.5735287881148,"vx":0.007499306815191145,"vy":0.3448170601495981},"t":1773867770476,"pid":"e06b11d8-43ae-4784-8001-6f74a1bf28e8"}