{"x":552.7798698933507,"y":387.1040556446034,"vx":-1.3209956529168276,"vy":0.14247130270638625,"goals":{"home":1,"away":1},"t":1773867836923,"pid":"1c7e3644-194b-489e-830d-d3f6a70dae55"}