{"x":859.117130790671,"y":198.50800105490717,"vx":6.780653402371851,"vy":0.10003452570064858,"goals":{"home":0,"away":0},"ball":{"x":931.0083742374808,"y":222.7373729309936,"vx":-1.2764664568427644,"vy":1.3198217412881914},"t":1773866720743,"pid":"828302ab-d9d5-4a8d-8f33-1e686f7b3b07"}