{"x":887.2183320859141,"y":321.93271106790155,"vx":-0.24860769483841935,"vy":-2.5266917464000618,"goals":{"home":0,"away":0},"t":1773867641461,"pid":"1c7e3644-194b-489e-830d-d3f6a70dae55"}