{"x":1008.3524018460942,"y":150.502284676296,"vx":1.2352782980466457,"vy":3.524716333563998,"goals":{"home":0,"away":0},"ball":{"x":989.9742025004971,"y":181.98047239281993,"vx":0.39901576654741444,"vy":1.7029205696093463},"t":1773867640872,"pid":"e06b11d8-43ae-4784-8001-6f74a1bf28e8"}