{"x":450.6460837348719,"y":287.91975654442683,"vx":-1.0795882638176296e-7,"vy":-0.00000401560113243795,"goals":{"home":1,"away":1},"t":1773867885520,"pid":"1c7e3644-194b-489e-830d-d3f6a70dae55"}