{"x":727.79249494174,"y":430.40117924217554,"vx":-5.758641614422415,"vy":-0.9180880595286991,"goals":{"home":0,"away":0},"ball":{"x":706.3866059317694,"y":385.2120059810804,"vx":0.028983068531212308,"vy":-0.004028716212305655},"t":1773867520721,"pid":"e06b11d8-43ae-4784-8001-6f74a1bf28e8"}