{"x":499.8278736261618,"y":295.74212958405036,"vx":6.465951519040526,"vy":-0.049006273054028,"goals":{"home":1,"away":1},"t":1773867879376,"pid":"1c7e3644-194b-489e-830d-d3f6a70dae55"}