{"x":221.55945670088255,"y":432.09182754590677,"vx":-3.245367128027819e-9,"vy":4.173328837425058e-8,"goals":{"home":0,"away":0},"ball":{"x":5.236735278192313,"y":305.9838815258928,"vx":0.07339803514313716,"vy":-0.038064578195082584},"t":1773867722021,"pid":"e06b11d8-43ae-4784-8001-6f74a1bf28e8"}