{"x":484.38959095675716,"y":212.89518535902388,"vx":-1.8757679450924905,"vy":-0.1523781767907295,"goals":{"home":0,"away":0},"t":1773867617179,"pid":"1c7e3644-194b-489e-830d-d3f6a70dae55"}