{"x":904.4687650438373,"y":93.78599566439443,"vx":-2.1559492098082877,"vy":1.7102991793456948,"goals":{"home":0,"away":0},"ball":{"x":973.8132948971191,"y":183.5628013911729,"vx":-0.31875485077191873,"vy":0.09663559214793607},"t":1773867623168,"pid":"e06b11d8-43ae-4784-8001-6f74a1bf28e8"}