{"x":471.085436831192,"y":272.13355736114806,"vx":-4.1529045612393585,"vy":6.305655138705734,"goals":{"home":1,"away":1},"ball":{"x":563.543742357217,"y":193.87983327165566,"vx":-1.8106421910489134,"vy":2.080661098245104},"t":1773867829722,"pid":"e06b11d8-43ae-4784-8001-6f74a1bf28e8"}