{"x":415.7810054413245,"y":53.55676783759146,"vx":-1.6476799245888418,"vy":-3.150692363009539,"goals":{"home":1,"away":1},"t":1773867905476,"pid":"1c7e3644-194b-489e-830d-d3f6a70dae55"}