{"x":1147.077145163938,"y":354.11653831150136,"vx":0.009265448788966589,"vy":-0.0017382103146852943,"goals":{"home":0,"away":0},"ball":{"x":1093.1911935841572,"y":543.5887055780422,"vx":-0.8088830334267221,"vy":0.6182388585511969},"t":1773867797774,"pid":"e06b11d8-43ae-4784-8001-6f74a1bf28e8"}