{"x":407.0011706535352,"y":332.08098022107214,"vx":-0.4934834466150142,"vy":-2.1255210748877675,"goals":{"home":1,"away":1},"t":1773867934132,"pid":"1c7e3644-194b-489e-830d-d3f6a70dae55"}