{"x":1024.359181521575,"y":356.69132873964895,"vx":0.00035825677418428086,"vy":-6.291565702809757,"goals":{"home":0,"away":0},"ball":{"x":1173.4057028700051,"y":293.2133928033302,"vx":-0.2366747725306325,"vy":-0.08816890129609506},"t":1773866713972,"pid":"828302ab-d9d5-4a8d-8f33-1e686f7b3b07"}