{"x":456.4309524879318,"y":342.31101039602396,"vx":-4.4023972466265855e-39,"vy":5.79735459790347e-23,"goals":{"home":1,"away":1},"t":1773867866176,"pid":"1c7e3644-194b-489e-830d-d3f6a70dae55"}