{"x":291.2844327095419,"y":349.0087683023161,"vx":0.7933502668105055,"vy":-0.0015370471840775333,"goals":{"home":0,"away":1},"t":1773867811426,"pid":"1c7e3644-194b-489e-830d-d3f6a70dae55"}