{"x":541.0004848895593,"y":393.75930930684706,"vx":-0.00006198650411620462,"vy":0.000021876147082585235,"goals":{"home":0,"away":0},"ball":{"x":932.4465438410977,"y":189.57642493076963,"vx":-0.5373491747725017,"vy":-0.2650624889975061},"t":1773867634872,"pid":"e06b11d8-43ae-4784-8001-6f74a1bf28e8"}