{"x":760.4082254152477,"y":321.70358305368615,"vx":-2.5066798378276944,"vy":10.139018536993449,"goals":{"home":0,"away":0},"ball":{"x":921.3024175507401,"y":364.23838561613087,"vx":-0.7798884346246484,"vy":1.8694818168709926},"t":1773867642073,"pid":"e06b11d8-43ae-4784-8001-6f74a1bf28e8"}