{"x":1019.0396161426436,"y":765.6762144592803,"vx":4.273770894466639,"vy":-0.026605287614435147,"goals":{"home":0,"away":0},"t":1773867697580,"pid":"1c7e3644-194b-489e-830d-d3f6a70dae55"}