{"x":1016.0169864083126,"y":137.36577502037568,"vx":0.3705455268776024,"vy":-4.540149922309051,"goals":{"home":0,"away":0},"t":1773867627365,"pid":"1c7e3644-194b-489e-830d-d3f6a70dae55"}