{"x":938.8688876542017,"y":769.1754666638438,"vx":-4.173096284918031,"vy":0.06057594533147192,"goals":{"home":0,"away":0},"t":1773867684527,"pid":"1c7e3644-194b-489e-830d-d3f6a70dae55"}