{"x":992.4227893842227,"y":633.4620399292646,"vx":-2.797897722742875,"vy":-2.2079631264568427,"goals":{"home":0,"away":0},"ball":{"x":972.254531555702,"y":216.2328313181177,"vx":-4.620547862285474,"vy":-6.4026011270097305},"t":1773866729422,"pid":"828302ab-d9d5-4a8d-8f33-1e686f7b3b07"}