{"x":129.70404811939306,"y":122.90018097135594,"vx":2.6377406575761864,"vy":-0.6544404106130942,"goals":{"home":0,"away":0},"t":1773867722624,"pid":"1c7e3644-194b-489e-830d-d3f6a70dae55"}