{"x":1101.9785530806987,"y":745.9594226448588,"vx":-1.5295018321253273,"vy":-0.9946704042674378,"goals":{"home":0,"away":0},"ball":{"x":1063.1161024104981,"y":694.2997603050043,"vx":0.11485695381980264,"vy":2.9330122909186223},"t":1773866697038,"pid":"828302ab-d9d5-4a8d-8f33-1e686f7b3b07"}