{"x":1065.4973988439767,"y":500.5786162503339,"vx":-9.45130242700667,"vy":4.09799262977513,"goals":{"home":0,"away":0},"ball":{"x":1148.085262914226,"y":503.77956638580196,"vx":-0.8844944088418881,"vy":0.46333877493610676},"t":1773867771521,"pid":"e06b11d8-43ae-4784-8001-6f74a1bf28e8"}