{"x":734.0901571977562,"y":55.911294559616884,"vx":18.959410725038897,"vy":0.7537265450095142,"goals":{"home":0,"away":0},"t":1773867621977,"pid":"1c7e3644-194b-489e-830d-d3f6a70dae55"}