{"x":909.7334993930332,"y":448.99023974564955,"vx":-1.4998858479741786,"vy":0.14173413235336635,"goals":{"home":0,"away":0},"t":1773867800781,"pid":"1c7e3644-194b-489e-830d-d3f6a70dae55"}