{"x":709.6934491058748,"y":322.3431823718432,"vx":2.095511915024243,"vy":2.63591136214257,"goals":{"home":0,"away":0},"ball":{"x":768.8186192783485,"y":275.64011367084095,"vx":2.6766575266710575,"vy":2.214829023734689},"t":1773866709022,"pid":"828302ab-d9d5-4a8d-8f33-1e686f7b3b07"}