{"x":1066.9801551472797,"y":755.7703544233384,"vx":12.528631918541599,"vy":-2.189898328765376,"goals":{"home":0,"away":0},"ball":{"x":1081.0053646942504,"y":781.4113073330504,"vx":9.656139638753265,"vy":0.694571038137159},"t":1773866783138,"pid":"828302ab-d9d5-4a8d-8f33-1e686f7b3b07"}