{"x":941.3587949248376,"y":211.56900565845248,"vx":0.6518942610076988,"vy":9.531924327781478,"goals":{"home":0,"away":0},"t":1773867640413,"pid":"1c7e3644-194b-489e-830d-d3f6a70dae55"}