{"x":778.2623627840625,"y":562.4155276187444,"vx":0.00032786280926591676,"vy":0.27326968194216106,"goals":{"home":0,"away":0},"ball":{"x":845.0982442785387,"y":546.9085086454984,"vx":-0.010149310663023155,"vy":0.024329058998584282},"t":1773867649274,"pid":"e06b11d8-43ae-4784-8001-6f74a1bf28e8"}