{"x":1112.7453348249037,"y":232.80400122919335,"vx":0.8827317485426012,"vy":0.005754801757355713,"goals":{"home":0,"away":0},"ball":{"x":1173.0166386354997,"y":332.02635088161475,"vx":1.6598772605928922,"vy":1.143899307315094},"t":1773867625269,"pid":"e06b11d8-43ae-4784-8001-6f74a1bf28e8"}