{"x":592.0699696550402,"y":662.2433466446213,"vx":-0.00007361075026232421,"vy":-0.00004014849533158197,"goals":{"home":0,"away":0},"ball":{"x":548.8125454899595,"y":626.2974952414335,"vx":-0.11601955804552583,"vy":-0.07163087407940963},"t":1773866797205,"pid":"828302ab-d9d5-4a8d-8f33-1e686f7b3b07"}