{"x":414.54323812206746,"y":353.88200802152033,"vx":-0.012568420605301141,"vy":-0.0007311171177921859,"goals":{"home":1,"away":1},"t":1773867824924,"pid":"1c7e3644-194b-489e-830d-d3f6a70dae55"}