{"x":825.8746857151485,"y":594.2844807109811,"vx":1.1522194341482186,"vy":-12.970633685841912,"goals":{"home":0,"away":0},"t":1773867668027,"pid":"1c7e3644-194b-489e-830d-d3f6a70dae55"}