{"x":640.0017631121252,"y":301.68644239427715,"vx":7.529829617115914,"vy":-11.644522954314846,"goals":{"home":0,"away":0},"ball":{"x":888.7881338643558,"y":168.04069479959702,"vx":-0.09635513460338468,"vy":-0.04752986140990321},"t":1773867637719,"pid":"e06b11d8-43ae-4784-8001-6f74a1bf28e8"}