{"x":1137.4828448075496,"y":241.63720654473775,"vx":-0.6123669994381643,"vy":-0.23608558728811635,"goals":{"home":0,"away":0},"ball":{"x":1162.2900478731444,"y":289.07245679320806,"vx":-0.12439542912801178,"vy":-0.04634126483021551},"t":1773866715042,"pid":"828302ab-d9d5-4a8d-8f33-1e686f7b3b07"}