{"x":938.577373001518,"y":223.20170489297013,"vx":0.04946658135235906,"vy":1.7611388194533175,"goals":{"home":0,"away":0},"ball":{"x":1027.8207859410481,"y":231.9650757106525,"vx":3.126502035284326,"vy":2.154619258536933},"t":1773867624221,"pid":"e06b11d8-43ae-4784-8001-6f74a1bf28e8"}