{"x":527.1940531487704,"y":163.09852876699577,"vx":2.066479794308192,"vy":-7.734275880967072,"goals":{"home":0,"away":0},"ball":{"x":606.9012870095363,"y":175.3651359090564,"vx":0.9370731575086985,"vy":-1.8861587883876412},"t":1773867751440,"pid":"e06b11d8-43ae-4784-8001-6f74a1bf28e8"}