{"x":1106.460573996179,"y":343.7217640574704,"vx":-0.06921180632173604,"vy":-8.014171969456955,"goals":{"home":0,"away":0},"ball":{"x":1144.3093958698646,"y":337.2205756477802,"vx":-0.3099244785406336,"vy":0.00992690116176756},"t":1773866766640,"pid":"828302ab-d9d5-4a8d-8f33-1e686f7b3b07"}