{"x":1063.8689349915037,"y":572.0686658363778,"vx":1.4554740086731786,"vy":-1.3435737470985645,"goals":{"home":0,"away":0},"ball":{"x":1107.0090318912087,"y":525.2971818403951,"vx":-0.4695829843669645,"vy":0.24598912387961075},"t":1773867772577,"pid":"e06b11d8-43ae-4784-8001-6f74a1bf28e8"}