{"x":514.9413582806042,"y":283.2281880241188,"vx":1.600141413986008,"vy":0.4435412856789914,"goals":{"home":1,"away":1},"t":1773867889874,"pid":"1c7e3644-194b-489e-830d-d3f6a70dae55"}