{"x":1134.7756228936012,"y":457.5949495745789,"vx":0.0005757973741917795,"vy":-0.00007190475173149194,"goals":{"home":0,"away":0},"ball":{"x":1019.7726601042084,"y":770.1851033671248,"vx":-0.5787520275064527,"vy":0.4942351259682894},"t":1773867674276,"pid":"e06b11d8-43ae-4784-8001-6f74a1bf28e8"}