{"x":571.3226375251115,"y":383.0580787668509,"vx":-1.5959647567963264,"vy":0.563244536146887,"goals":{"home":0,"away":0},"ball":{"x":1077.9980758429735,"y":341.4879676331929,"vx":5.9330002213329065,"vy":1.3727985967018788},"t":1773867631567,"pid":"e06b11d8-43ae-4784-8001-6f74a1bf28e8"}