{"x":1057.118858666493,"y":385.8420334257544,"vx":3.4136522864658367,"vy":-6.411122947425294,"goals":{"home":0,"away":0},"t":1773867686930,"pid":"1c7e3644-194b-489e-830d-d3f6a70dae55"}