{"x":449.7895508996469,"y":377.0194187200892,"vx":-0.0003793742392296511,"vy":-0.0000017244575056979584,"goals":{"home":0,"away":0},"ball":{"x":382.27828252454304,"y":243.68384271594599,"vx":-0.3175788573367302,"vy":-0.13773903970210663},"t":1773867526424,"pid":"e06b11d8-43ae-4784-8001-6f74a1bf28e8"}