{"x":405.5989630478856,"y":294.54982979895937,"vx":0.11157722200088918,"vy":-0.1194084244664218,"goals":{"home":0,"away":0},"ball":{"x":600,"y":400,"vx":0,"vy":0},"t":1773867510966,"pid":"e06b11d8-43ae-4784-8001-6f74a1bf28e8"}