{"x":0,"y":376.8476308179507,"vx":-0.8474576289895637,"vy":-0.0129244372758621,"goals":{"home":0,"away":1},"ball":{"x":600,"y":400,"vx":0,"vy":0},"t":1773867812925,"pid":"e06b11d8-43ae-4784-8001-6f74a1bf28e8"}