{"x":792.0285917546577,"y":624.1401786831026,"vx":-0.01872987382441879,"vy":0.024945163164841508,"goals":{"home":0,"away":0},"t":1773867656327,"pid":"1c7e3644-194b-489e-830d-d3f6a70dae55"}