{"x":456.4309524879318,"y":342.31101039602396,"vx":-2.8857985429276604e-32,"vy":3.800201688814994e-16,"goals":{"home":1,"away":1},"t":1773867861072,"pid":"1c7e3644-194b-489e-830d-d3f6a70dae55"}