{"x":481.05394499883886,"y":356.61497676802736,"vx":3.8684425445620123,"vy":1.4072324622104473,"goals":{"home":1,"away":1},"t":1773867833770,"pid":"1c7e3644-194b-489e-830d-d3f6a70dae55"}