{"x":750.3690674791465,"y":400,"vx":-0.8746877620603182,"vy":0,"goals":{"home":0,"away":0},"t":1773867612534,"pid":"1c7e3644-194b-489e-830d-d3f6a70dae55"}