{"x":32.728032241209824,"y":341.18667967184064,"vx":0.006497884172219851,"vy":-0.000005180575910641649,"goals":{"home":0,"away":0},"t":1773867754426,"pid":"1c7e3644-194b-489e-830d-d3f6a70dae55"}