{"x":221.55945664075563,"y":432.09182831909953,"vx":-8.079107999741729e-11,"vy":1.0389201919501486e-9,"goals":{"home":0,"away":0},"ball":{"x":8.978996807052255,"y":304.04312648641593,"vx":0.03559741363950126,"vy":-0.01846099193774112},"t":1773867723217,"pid":"e06b11d8-43ae-4784-8001-6f74a1bf28e8"}