{"x":75.30022981582816,"y":246.85314206442703,"vx":4.042745280668456,"vy":2.8994603776439014,"goals":{"home":1,"away":1},"ball":{"x":226.65043192067213,"y":177.78175413713987,"vx":5.082656320878127,"vy":1.7570496444530463},"t":1773867823271,"pid":"e06b11d8-43ae-4784-8001-6f74a1bf28e8"}