{"x":971.5069218686035,"y":606.8013903194586,"vx":12.74888139015368,"vy":0.5858841021528943,"goals":{"home":0,"away":0},"t":1773867801831,"pid":"1c7e3644-194b-489e-830d-d3f6a70dae55"}