{"x":858.5156656855704,"y":188.62589832116007,"vx":1.02909790272403,"vy":0.5560319969018455,"goals":{"home":0,"away":0},"ball":{"x":884.3133675688797,"y":165.83339134097872,"vx":-0.051155475053122956,"vy":-0.02523386687840595},"t":1773867638768,"pid":"e06b11d8-43ae-4784-8001-6f74a1bf28e8"}