{"x":969.337046312677,"y":312.42077250394,"vx":-3.5454566219931922,"vy":-1.0116834150036274,"goals":{"home":0,"away":0},"ball":{"x":1099.9690536314472,"y":379.3812317103837,"vx":0.11209677669199065,"vy":-0.5479469564330138},"t":1773867775722,"pid":"e06b11d8-43ae-4784-8001-6f74a1bf28e8"}