{"x":911.5085693775416,"y":292.7725077756291,"vx":0.027435774461956212,"vy":0.044548506997962874,"goals":{"home":0,"away":0},"ball":{"x":1133.2585107963948,"y":291.8712120710866,"vx":1.5990476424708968,"vy":0.7576383217195692},"t":1773866689094,"pid":"828302ab-d9d5-4a8d-8f33-1e686f7b3b07"}