{"x":1067.9417041812335,"y":444.8405561456237,"vx":0.014824542819595932,"vy":-0.48114571193433014,"goals":{"home":0,"away":0},"ball":{"x":1090.1635171243206,"y":427.312260985526,"vx":0.2111425999963015,"vy":-1.032098767293039},"t":1773867774674,"pid":"e06b11d8-43ae-4784-8001-6f74a1bf28e8"}