{"x":456.4309524879318,"y":342.3110103960127,"vx":-4.656577637612133e-29,"vy":6.132075382018571e-13,"goals":{"home":1,"away":1},"t":1773867858676,"pid":"1c7e3644-194b-489e-830d-d3f6a70dae55"}