{"x":387.3842244334084,"y":400,"vx":6.650830292978505,"vy":0,"goals":{"home":0,"away":0},"ball":{"x":600,"y":400,"vx":0,"vy":0},"t":1773866678289,"pid":"828302ab-d9d5-4a8d-8f33-1e686f7b3b07"}