{"x":857.485668281524,"y":356.68318826036347,"vx":-1.4197425087486929e-18,"vy":-3.2922034002784746e-24,"goals":{"home":0,"away":0},"t":1773867796275,"pid":"1c7e3644-194b-489e-830d-d3f6a70dae55"}