{"x":990.7052045471909,"y":433.5570019795827,"vx":-3.1033635049992334,"vy":-5.943732101466575,"goals":{"home":0,"away":0},"ball":{"x":1093.9548727194826,"y":431.5019220556743,"vx":0.22201115122901957,"vy":-1.7473470667393296},"t":1773867765224,"pid":"e06b11d8-43ae-4784-8001-6f74a1bf28e8"}