{"x":859.8233876955433,"y":209.51084326706683,"vx":-16.602280731541313,"vy":-2.369938517062371,"goals":{"home":0,"away":0},"ball":{"x":862.4442310274161,"y":252.24800512491666,"vx":-3.7817797849072856,"vy":-0.16074766277201602},"t":1773867629318,"pid":"e06b11d8-43ae-4784-8001-6f74a1bf28e8"}