{"x":456.4309524879318,"y":322.5366801736543,"vx":-7.903283204407414e-17,"vy":1.0407542222300274,"goals":{"home":1,"away":1},"t":1773867849525,"pid":"1c7e3644-194b-489e-830d-d3f6a70dae55"}