{"x":737.9944127721421,"y":409.03137353003274,"vx":-2.7024688679593734,"vy":3.4113389527977396,"goals":{"home":0,"away":0},"ball":{"x":915.3549185648258,"y":560.7714859328371,"vx":2.299346216302234,"vy":5.308407471216395},"t":1773866724923,"pid":"828302ab-d9d5-4a8d-8f33-1e686f7b3b07"}