{"x":934.9923683156213,"y":470.24546753306373,"vx":-1.579300001794704,"vy":-5.976962066984263,"goals":{"home":0,"away":0},"t":1773867778131,"pid":"1c7e3644-194b-489e-830d-d3f6a70dae55"}