{"x":474.9763558557594,"y":106.22839406691118,"vx":-2.40302078327706,"vy":0.6980583723218634,"goals":{"home":0,"away":0},"t":1773867620929,"pid":"1c7e3644-194b-489e-830d-d3f6a70dae55"}