{"x":368.38256661596944,"y":72.11348048549927,"vx":0.4092916366439851,"vy":-0.18319348308095434,"goals":{"home":0,"away":0},"ball":{"x":448.78415750408095,"y":56.45865487514541,"vx":0.36120731434704195,"vy":0.9198457850740245},"t":1773867617473,"pid":"e06b11d8-43ae-4784-8001-6f74a1bf28e8"}