{"x":642.625352990098,"y":417.3930643032179,"vx":8.392609707984453,"vy":-9.865831447539938,"goals":{"home":0,"away":0},"ball":{"x":644.2948937562569,"y":372.55945613437933,"vx":1.164986767263124,"vy":-2.9406564367380157},"t":1773866789144,"pid":"828302ab-d9d5-4a8d-8f33-1e686f7b3b07"}