{"playerId":"43239b3e-5575-4a3a-acc5-5867f0bc0edb","x":675.7579705977998,"y":508.306594126148,"vx":-4.2166102434206465,"vy":-0.6102128286758148}