{"playerId":"23332448-0a84-484e-853e-74c9758a9ca2","x":510.39033009791535,"y":388.379840662883,"vx":-1.200976724188542,"vy":0.3429361559334576}