{"playerId":"43239b3e-5575-4a3a-acc5-5867f0bc0edb","x":820.829919994043,"y":165.32778702532113,"vx":-1.4643261405064476,"vy":8.943999449126602}