{"playerId":"82a730a6-570f-41e1-86b6-b5574f3b5232","x":549.7284964252597,"y":330.49789410177203,"vx":2.613408976505151e-15,"vy":0.010077908019981947}