{"playerId":"0504de97-01b4-43f7-ad1c-c024c2d9c24a","x":504.6224412340539,"y":540.2387771202826,"vx":-8.029116975931958,"vy":-6.92603698113991,"ball":{"x":600,"y":400,"vx":0,"vy":0}}