{"playerId":"43239b3e-5575-4a3a-acc5-5867f0bc0edb","x":1054.8874409601294,"y":280.0762839995285,"vx":-0.00008004660182196275,"vy":-0.0049851887268905735}