{"playerId":"43239b3e-5575-4a3a-acc5-5867f0bc0edb","x":646.9529485221682,"y":446.0803288082204,"vx":0.12684710692247012,"vy":0.7267621285949385}