{"playerId":"289db57c-b08a-4c05-b7a4-2b70bf1ea4ed","x":767.7033182302638,"y":214.03875802700213,"vx":2.8260731611803465,"vy":-5.736348301322733}