{"playerId":"43239b3e-5575-4a3a-acc5-5867f0bc0edb","x":814.9831313107098,"y":448.7783830092932,"vx":-2.466846724053429,"vy":-1.9152407240930789}