{"playerId":"82a730a6-570f-41e1-86b6-b5574f3b5232","x":502.22848759426915,"y":283.18935538276605,"vx":4.6478902534364305e-7,"vy":9.984940089137454e-7}