{"playerId":"289db57c-b08a-4c05-b7a4-2b70bf1ea4ed","x":831.4104781410679,"y":400,"vx":-10.140025165319358,"vy":0}