{"playerId":"82a730a6-570f-41e1-86b6-b5574f3b5232","x":549.7284964252597,"y":330.6893743541512,"vx":6.589546950306136e-33,"vy":2.541081348367634e-20}