{"playerId":"43239b3e-5575-4a3a-acc5-5867f0bc0edb","x":1056.2818287210061,"y":366.9167742666932,"vx":-0.07346887612168036,"vy":-4.575537308051341}