{"playerId":"82a730a6-570f-41e1-86b6-b5574f3b5232","x":502.2284964252609,"y":283.1893743541518,"vx":2.8345118514526094e-22,"vy":6.0893070781477315e-22}