{"playerId":"82a730a6-570f-41e1-86b6-b5574f3b5232","x":705.7576652870193,"y":358.9650372234946,"vx":4.49104772733373,"vy":-5.858032069992381}