{"playerId":"0504de97-01b4-43f7-ad1c-c024c2d9c24a","x":867.382241467233,"y":316.25984694872096,"vx":5.378261959163846,"vy":15.416891282101714,"ball":{"x":600,"y":400,"vx":0,"vy":0}}