{"playerId":"82a730a6-570f-41e1-86b6-b5574f3b5232","x":502.2247413033435,"y":283.1813073247421,"vx":0.00019763799563682913,"vy":0.0004245804952713565}