{"playerId":"43239b3e-5575-4a3a-acc5-5867f0bc0edb","x":856.6808229644652,"y":288.47302696780787,"vx":-0.0018477412001104197,"vy":2.6173889609784142}