{"playerId":"82a730a6-570f-41e1-86b6-b5574f3b5232","x":663.8161715658066,"y":260.47585693690246,"vx":-0.06927218767400012,"vy":-0.15662404931065405}