{"playerId":"0504de97-01b4-43f7-ad1c-c024c2d9c24a","x":691.8493788543713,"y":635.1330860418959,"vx":-3.615399371403362,"vy":1.0972926601626036,"ball":{"x":600,"y":400,"vx":0,"vy":0}}