{"playerId":"82a730a6-570f-41e1-86b6-b5574f3b5232","x":549.7284906706515,"y":283.1893743541518,"vx":3.0287418876824047e-7,"vy":5.087184473526586e-118}