{"playerId":"23332448-0a84-484e-853e-74c9758a9ca2","x":487.5718560619306,"y":394.89560371853673,"vx":-0.000004406505139723226,"vy":0.000001258267461210573}