{"playerId":"82a730a6-570f-41e1-86b6-b5574f3b5232","x":502.2284964252609,"y":283.18937435415097,"vx":2.9646974046765127e-14,"vy":6.368981269777114e-14}