{"playerId":"43239b3e-5575-4a3a-acc5-5867f0bc0edb","x":857.5813025077706,"y":253.49863664961336,"vx":-0.04924140137405341,"vy":-0.5418536538534522}