{"playerId":"82a730a6-570f-41e1-86b6-b5574f3b5232","x":548.7400147515236,"y":283.1893743541518,"vx":0.052025351249326446,"vy":8.738366256355398e-113}