{"playerId":"43239b3e-5575-4a3a-acc5-5867f0bc0edb","x":810.5475550714557,"y":359.8634997129581,"vx":-0.1073581228847394,"vy":0.009377724283064095}