{"playerId":"db293f23-81b1-43e4-8e23-6ad72e2059fe","x":1059.1010757077308,"y":157.41200082999978,"vx":19.225650754574996,"vy":-9.053576278651692,"ball":{"x":1096.227814378123,"y":485.5012133318374,"vx":-0.5994997789169522,"vy":2.9706121476553067}}