{"playerId":"23332448-0a84-484e-853e-74c9758a9ca2","x":587.2945109601707,"y":314.44856019414397,"vx":-7.748565190623026,"vy":4.234056180603941}