{"playerId":"db293f23-81b1-43e4-8e23-6ad72e2059fe","x":664.6492339710841,"y":338.3853505378558,"vx":15.112569929260278,"vy":-5.497751346775574,"ball":{"x":1106.9824144537056,"y":192.56790295151464,"vx":4.463261755063602,"vy":-1.8261456790897919}}