{"playerId":"db293f23-81b1-43e4-8e23-6ad72e2059fe","x":939.5677793788326,"y":412.73148883724417,"vx":-4.0054512608137125e-7,"vy":-0.0000029322900632448865,"ball":{"x":1038.0672484736042,"y":773.6956208470555,"vx":-0.012019315234929029,"vy":0.05955752628947121}}