{"playerId":"82a730a6-570f-41e1-86b6-b5574f3b5232","x":828.7499996392378,"y":257.5000000005773,"vx":1.8987431285947264e-8,"vy":-3.036339670894431e-11}