{"playerId":"289db57c-b08a-4c05-b7a4-2b70bf1ea4ed","x":979.5431287188176,"y":199.1437148400286,"vx":0.4266094512564365,"vy":0.04760134009692797}