{"playerId":"0504de97-01b4-43f7-ad1c-c024c2d9c24a","x":488.04731881964693,"y":101.51122294017354,"vx":-9.162142880398056,"vy":8.10944944409845,"ball":{"x":331.27719175911534,"y":393.2978576083012,"vx":-4.35465967737641,"vy":6.307980829924809}}