{"playerId":"289db57c-b08a-4c05-b7a4-2b70bf1ea4ed","x":560.1485052789373,"y":247.5481615292005,"vx":0.000010684934368060425,"vy":-0.0000011172279176496626}