{"playerId":"43239b3e-5575-4a3a-acc5-5867f0bc0edb","x":842.3454036957554,"y":446.8351477601034,"vx":0.5344524370655142,"vy":-2.4650077768475565}