{"playerId":"db293f23-81b1-43e4-8e23-6ad72e2059fe","x":939.5677776572246,"y":412.7314762337859,"vx":-3.099341831702991e-7,"vy":-0.0000022689501541595624,"ball":{"x":1038.0089309356542,"y":773.9845930748166,"vx":-0.011430249195028986,"vy":0.05663861489794479}}