{"playerId":"43239b3e-5575-4a3a-acc5-5867f0bc0edb","x":1054.9308296090028,"y":282.7784674566475,"vx":-0.002363659700455692,"vy":-0.14720537068051065}