{"playerId":"82a730a6-570f-41e1-86b6-b5574f3b5232","x":502.2284964252609,"y":283.1893743541518,"vx":8.66330165649182e-24,"vy":1.8611142539400528e-23}