{"playerId":"43239b3e-5575-4a3a-acc5-5867f0bc0edb","x":781.2537665511165,"y":400,"vx":-0.0001982395324233855,"vy":0}