{"playerId":"82a730a6-570f-41e1-86b6-b5574f3b5232","x":502.2284964252609,"y":283.1893743541518,"vx":1.5242644307395187e-32,"vy":3.2745370890985476e-32}