{"playerId":"43239b3e-5575-4a3a-acc5-5867f0bc0edb","x":922.5900498014587,"y":419.16667358237214,"vx":8.14867500174366,"vy":-6.274561321186873}