{"playerId":"43239b3e-5575-4a3a-acc5-5867f0bc0edb","x":1054.885921818959,"y":214.57353606714548,"vx":-9.180340676551772e-8,"vy":2.1925278603459115}