{"playerId":"43239b3e-5575-4a3a-acc5-5867f0bc0edb","x":1082.372586527759,"y":697.0133903827635,"vx":-1.2362773151830893,"vy":-0.8210543949433448}