{"playerId":"43239b3e-5575-4a3a-acc5-5867f0bc0edb","x":582.2957314151489,"y":459.52696484407136,"vx":-0.22014146639230842,"vy":0.019044442497517706}