{"playerId":"43239b3e-5575-4a3a-acc5-5867f0bc0edb","x":807.6288519944262,"y":747.6202088858898,"vx":0.04625782853787196,"vy":0.23818372640956637}