{"playerId":"289db57c-b08a-4c05-b7a4-2b70bf1ea4ed","x":171.46463814272477,"y":699.8728847951726,"vx":-7.629304419321012,"vy":-0.38504769780775167}