{"playerId":"43239b3e-5575-4a3a-acc5-5867f0bc0edb","x":772.4423371907301,"y":60.406114025533604,"vx":-0.021992610024674498,"vy":0.3316724931734111}