{"playerId":"82a730a6-570f-41e1-86b6-b5574f3b5232","x":502.2284964252609,"y":283.1893743541518,"vx":6.789691793191047e-40,"vy":1.458611586807509e-39}