{"playerId":"43239b3e-5575-4a3a-acc5-5867f0bc0edb","x":1004.4309058028188,"y":387.99090005981174,"vx":-0.001100537375671571,"vy":0.5405363970185201}