{"playerId":"82a730a6-570f-41e1-86b6-b5574f3b5232","x":502.1469870199739,"y":283.01426984778254,"vx":0.004289968699294845,"vy":0.009216026651030274}