{"playerId":"0504de97-01b4-43f7-ad1c-c024c2d9c24a","x":329.0986633051489,"y":291.5167436974056,"vx":7.37014183444172,"vy":-0.6920053608919476,"ball":{"x":600,"y":400,"vx":0,"vy":0}}