{"playerId":"db293f23-81b1-43e4-8e23-6ad72e2059fe","x":939.5688738541045,"y":412.73950121526485,"vx":-0.0000580045068090454,"vy":-0.00042463639641200104,"ball":{"x":1040.0316220908667,"y":763.9618522366351,"vx":-0.03186147298506313,"vy":0.15787842134422395}}