{"playerId":"82a730a6-570f-41e1-86b6-b5574f3b5232","x":828.2919087810045,"y":257.50073254803175,"vx":0.024110064157684935,"vy":-0.00003855515955123904}