{"playerId":"43239b3e-5575-4a3a-acc5-5867f0bc0edb","x":883.757852344065,"y":627.1830200534391,"vx":0.3692960661155655,"vy":-9.49869098197952}