{"playerId":"289db57c-b08a-4c05-b7a4-2b70bf1ea4ed","x":917.5232871659565,"y":200.04220714134448,"vx":-0.05918836175086033,"vy":0.00031227160661597607}