{"playerId":"43239b3e-5575-4a3a-acc5-5867f0bc0edb","x":1164.2494754753375,"y":56.10432315990758,"vx":-1.819403464858089,"vy":0.9705583110000802}