{"playerId":"43239b3e-5575-4a3a-acc5-5867f0bc0edb","x":1004.1338291373977,"y":285.1425944066524,"vx":2.1726064928952736e-8,"vy":8.614591810147349e-9}