{"playerId":"43239b3e-5575-4a3a-acc5-5867f0bc0edb","x":639.3502590406936,"y":376.0299256725533,"vx":-10.031592581089116,"vy":0.011582859339339748}