{"playerId":"289db57c-b08a-4c05-b7a4-2b70bf1ea4ed","x":916.6056599434747,"y":200.0470484466039,"vx":-0.010892192146554612,"vy":0.00005746606664823064}