{"playerId":"43239b3e-5575-4a3a-acc5-5867f0bc0edb","x":781.3453579118793,"y":400,"vx":-0.0050188374673342745,"vy":0}