{"playerId":"82a730a6-570f-41e1-86b6-b5574f3b5232","x":549.7284964252597,"y":327.125860186649,"vx":4.8636451004826696e-14,"vy":0.18755337723698834}