{"playerId":"43239b3e-5575-4a3a-acc5-5867f0bc0edb","x":757.5766402294429,"y":55.75646515999497,"vx":8.054547543381675,"vy":0.020123373238427656}