{"playerId":"23332448-0a84-484e-853e-74c9758a9ca2","x":733.7505885685313,"y":400,"vx":-0.00003097729109821412,"vy":0}