{"playerId":"23332448-0a84-484e-853e-74c9758a9ca2","x":746.7425383240076,"y":400,"vx":-0.6838178065267002,"vy":0}