{"playerId":"43239b3e-5575-4a3a-acc5-5867f0bc0edb","x":814.9121306069007,"y":168.24093012927088,"vx":-0.5403745781795247,"vy":2.1822437679057454}