{"playerId":"0504de97-01b4-43f7-ad1c-c024c2d9c24a","x":479.94015192845865,"y":402.1572028311374,"vx":2.8410186941227002,"vy":-13.157323044293006,"ball":{"x":600,"y":400,"vx":0,"vy":0}}