{"playerId":"82a730a6-570f-41e1-86b6-b5574f3b5232","x":502.22849609388555,"y":283.18937364226724,"vx":1.7440808090793788e-8,"vy":3.7467628191944676e-8}