{"playerId":"82a730a6-570f-41e1-86b6-b5574f3b5232","x":549.7284964252597,"y":330.6885826739994,"vx":1.0805208321564749e-17,"vy":0.00004166737643455034}