{"playerId":"82a730a6-570f-41e1-86b6-b5574f3b5232","x":502.2284964252609,"y":283.1893743541518,"vx":1.9124073558397399e-19,"vy":4.1083743016452215e-19}