{"playerId":"0504de97-01b4-43f7-ad1c-c024c2d9c24a","x":787.9127769033342,"y":353.82351529298796,"vx":-0.6536007368035052,"vy":12.922089153121297,"ball":{"x":600,"y":400,"vx":0,"vy":0}}