{"playerId":"82a730a6-570f-41e1-86b6-b5574f3b5232","x":549.7284964252597,"y":330.6893742726672,"vx":1.1121375158235022e-21,"vy":4.288658870770654e-9}