{"playerId":"82a730a6-570f-41e1-86b6-b5574f3b5232","x":549.7284964252597,"y":330.6893743540243,"vx":1.7351329516258747e-24,"vy":6.6910730184716965e-12}