{"playerId":"db293f23-81b1-43e4-8e23-6ad72e2059fe","x":962.6796858001974,"y":581.9279391973666,"vx":-1.216416527985418,"vy":-8.90507926703337,"ball":{"x":1059.0426198683504,"y":669.7594806546658,"vx":-0.2238917535657131,"vy":1.1094175282327992}}