{"playerId":"0504de97-01b4-43f7-ad1c-c024c2d9c24a","x":545.5962146379062,"y":308.3877258295016,"vx":11.51931992274022,"vy":-5.873737842077503,"ball":{"x":600,"y":400,"vx":0,"vy":0}}