{"playerId":"43239b3e-5575-4a3a-acc5-5867f0bc0edb","x":604.2599312053492,"y":9.123553072688193,"vx":-13.803344191240615,"vy":0.024473259901709125}