{"playerId":"23332448-0a84-484e-853e-74c9758a9ca2","x":586.3452619861038,"y":433.64526873856465,"vx":2.24037715302816,"vy":-1.0385705707855701}