{"playerId":"0504de97-01b4-43f7-ad1c-c024c2d9c24a","x":89.94549735144876,"y":650.2568264282249,"vx":-2.262716293602493,"vy":-2.968597249005182,"ball":{"x":163.62543621204244,"y":636.151292421679,"vx":-2.661207601143348,"vy":3.854915831809881}}