{"playerId":"82a730a6-570f-41e1-86b6-b5574f3b5232","x":549.7284961734028,"y":283.1893743541518,"vx":1.3255685345144534e-8,"vy":2.2264728779966722e-119}