{"playerId":"289db57c-b08a-4c05-b7a4-2b70bf1ea4ed","x":878.5723196890218,"y":114.34041773816273,"vx":1.9908625580877888,"vy":-0.48906723348907827}