{"playerId":"82a730a6-570f-41e1-86b6-b5574f3b5232","x":595.3770042638141,"y":383.5912900532749,"vx":-1.2014510193461296,"vy":-1.3441861551632859}