{"playerId":"289db57c-b08a-4c05-b7a4-2b70bf1ea4ed","x":913.3349708864622,"y":188.88166470473556,"vx":0.16124933716989343,"vy":0.5877092419544578}