{"playerId":"0504de97-01b4-43f7-ad1c-c024c2d9c24a","x":8.795034622351865,"y":713.2357985693469,"vx":-1.0398147442274634,"vy":-5.774356147604204,"ball":{"x":17.869669457216435,"y":676.3257422432021,"vx":3.502458816137618,"vy":-7.011172429837369}}