{"playerId":"43239b3e-5575-4a3a-acc5-5867f0bc0edb","x":427.19210798902844,"y":390.34290621288756,"vx":2.062348309911117,"vy":17.061598492311617}