{"playerId":"23332448-0a84-484e-853e-74c9758a9ca2","x":585.1993713102229,"y":363.39802053000517,"vx":-4.909647026968217,"vy":-2.762887196310124}