{"playerId":"23332448-0a84-484e-853e-74c9758a9ca2","x":625.2492015187605,"y":390.54452156621096,"vx":1.4428013881514723,"vy":2.4798898067067374}