{"playerId":"43239b3e-5575-4a3a-acc5-5867f0bc0edb","x":772.0393734306326,"y":335.05751565102895,"vx":-0.000783991072172588,"vy":2.1263355655157397}