{"playerId":"23332448-0a84-484e-853e-74c9758a9ca2","x":487.571772946908,"y":394.8956274518414,"vx":-3.2030254450820135e-8,"vy":9.14616587790784e-9}