{"playerId":"82a730a6-570f-41e1-86b6-b5574f3b5232","x":549.7284964252597,"y":330.6893743541512,"vx":3.440136787467574e-30,"vy":1.3265961214618979e-17}