{"playerId":"43239b3e-5575-4a3a-acc5-5867f0bc0edb","x":665.8666850526392,"y":383.4528552548314,"vx":-2.058366406748335,"vy":11.213732700204993}