{"playerId":"43239b3e-5575-4a3a-acc5-5867f0bc0edb","x":804.8061006383155,"y":222.40635142867794,"vx":-0.008478264043439708,"vy":-11.91856787943146}