{"playerId":"43239b3e-5575-4a3a-acc5-5867f0bc0edb","x":1066.7256775775738,"y":269.383788585709,"vx":0.47022726395300524,"vy":3.0330159482870767}