{"playerId":"43239b3e-5575-4a3a-acc5-5867f0bc0edb","x":661.8070620639566,"y":345.4693273506263,"vx":-0.6549483426453436,"vy":-0.22792200521587538}