{"playerId":"82a730a6-570f-41e1-86b6-b5574f3b5232","x":490.6598512693457,"y":272.65457283582003,"vx":0.48338776631563696,"vy":0.14268261783846867}