{"playerId":"0504de97-01b4-43f7-ad1c-c024c2d9c24a","x":595.2255471508505,"y":556.3298543114058,"vx":-9.26216759193588,"vy":-4.6295374984709134,"ball":{"x":600,"y":400,"vx":0,"vy":0}}