{"playerId":"82a730a6-570f-41e1-86b6-b5574f3b5232","x":521.9994919267835,"y":283.1893743541518,"vx":1.459421289393548,"vy":2.4512968087281057e-111}