{"playerId":"43239b3e-5575-4a3a-acc5-5867f0bc0edb","x":791.3168957032123,"y":260.5012196777368,"vx":9.262739663684238,"vy":-5.87869924613367}