{"playerId":"82a730a6-570f-41e1-86b6-b5574f3b5232","x":502.2284964252609,"y":283.1893743541518,"vx":1.0040106561405398e-15,"vy":2.1568896216959645e-15}