{"playerId":"23332448-0a84-484e-853e-74c9758a9ca2","x":866.7344649365151,"y":400,"vx":-0.7491823650797452,"vy":0}