{"playerId":"0504de97-01b4-43f7-ad1c-c024c2d9c24a","x":640.6054457350605,"y":253.20246663401383,"vx":14.322134934420683,"vy":-2.1481827041337285,"ball":{"x":600,"y":400,"vx":0,"vy":0}}