{"playerId":"289db57c-b08a-4c05-b7a4-2b70bf1ea4ed","x":654.3544797130152,"y":341.0833506838763,"vx":-0.8212884059481549,"vy":1.8508762797959846}