{"playerId":"43239b3e-5575-4a3a-acc5-5867f0bc0edb","x":1043.8698270838177,"y":102.00736193337781,"vx":-0.8268332363756158,"vy":0.5923015615676724}