{"playerId":"82a730a6-570f-41e1-86b6-b5574f3b5232","x":502.2284964252609,"y":283.1893743541518,"vx":3.905577344576916e-38,"vy":8.390248838225134e-38}