{"playerId":"23332448-0a84-484e-853e-74c9758a9ca2","x":487.72934392367387,"y":394.8506334199253,"vx":-0.008293241333721266,"vy":0.0023681160891244227}