{"playerId":"0504de97-01b4-43f7-ad1c-c024c2d9c24a","x":567.6820945600145,"y":306.40093874214784,"vx":10.874672142964087,"vy":-7.877034476906877,"ball":{"x":600,"y":400,"vx":0,"vy":0}}