{"playerId":"82a730a6-570f-41e1-86b6-b5574f3b5232","x":883.331351953125,"y":400,"vx":-6.622702734374999,"vy":0}