{"playerId":"23332448-0a84-484e-853e-74c9758a9ca2","x":455.8539157732263,"y":116.04188043325287,"vx":-5.830639128152261,"vy":-1.5734869898754642}