{"playerId":"82a730a6-570f-41e1-86b6-b5574f3b5232","x":549.7284964252597,"y":330.6893743541512,"vx":1.7973489524553656e-36,"vy":6.930992273118643e-24}