{"playerId":"0504de97-01b4-43f7-ad1c-c024c2d9c24a","x":300,"y":363.0690303808105,"vx":0,"vy":-6.806264756884764,"ball":{"x":600,"y":400,"vx":0,"vy":0}}