{"playerId":"82a730a6-570f-41e1-86b6-b5574f3b5232","x":549.7283580200832,"y":283.1893743541518,"vx":0.000007284483031721683,"vy":1.22352812985985e-116}