{"playerId":"43239b3e-5575-4a3a-acc5-5867f0bc0edb","x":1135.0302758022794,"y":319.79816890383523,"vx":-0.6585540755763873,"vy":-12.866694574142857}