{"playerId":"289db57c-b08a-4c05-b7a4-2b70bf1ea4ed","x":560.1487082926908,"y":345.48305585726956,"vx":5.900355103839599e-258,"vy":1.0955307602421351}