{"playerId":"43239b3e-5575-4a3a-acc5-5867f0bc0edb","x":779.7514058715059,"y":360.03767336131267,"vx":1.513491835007357,"vy":0.0002106901591344659}