{"playerId":"43239b3e-5575-4a3a-acc5-5867f0bc0edb","x":598.9734216522423,"y":497.19460745776297,"vx":-0.17531819365444234,"vy":-0.02537142507660962}