{"playerId":"82a730a6-570f-41e1-86b6-b5574f3b5232","x":549.7284964252597,"y":330.6893461323911,"vx":3.8518333420032984e-19,"vy":0.0000014853558121974404}