{"playerId":"db293f23-81b1-43e4-8e23-6ad72e2059fe","x":322.9602156445313,"y":400,"vx":7.5415675976562495,"vy":0,"ball":{"x":600,"y":400,"vx":0,"vy":0}}