{"playerId":"82a730a6-570f-41e1-86b6-b5574f3b5232","x":549.7284964252597,"y":330.6893743541512,"vx":2.321014425844208e-27,"vy":8.95036716679122e-15}