{"playerId":"82a730a6-570f-41e1-86b6-b5574f3b5232","x":549.7284964252597,"y":330.6893743541512,"vx":3.727154990102115e-34,"vy":1.4372769629304836e-21}