{"playerId":"289db57c-b08a-4c05-b7a4-2b70bf1ea4ed","x":152.35160863672536,"y":245.7541763507555,"vx":-1.623355497952619,"vy":-5.1641414917520745}