{"playerId":"82a730a6-570f-41e1-86b6-b5574f3b5232","x":549.7284964252597,"y":330.6893743501999,"vx":5.393258084193354e-23,"vy":2.079764758947498e-10}