{"playerId":"43239b3e-5575-4a3a-acc5-5867f0bc0edb","x":1004.133829548301,"y":285.1425945695799,"vx":9.9531288979111e-11,"vy":3.946510468861925e-11}