{"playerId":"0504de97-01b4-43f7-ad1c-c024c2d9c24a","x":689.8062523766548,"y":431.17107182169,"vx":-4.97233249295924,"vy":11.011067701992188,"ball":{"x":600,"y":400,"vx":0,"vy":0}}