{"playerId":"82a730a6-570f-41e1-86b6-b5574f3b5232","x":549.7284964124041,"y":283.1893743541518,"vx":6.766612291247571e-10,"vy":1.1365446863070033e-120}