{"playerId":"289db57c-b08a-4c05-b7a4-2b70bf1ea4ed","x":560.1485928184488,"y":247.54815237597754,"vx":0.000006077591654520685,"vy":-6.354793426529651e-7}