{"playerId":"43239b3e-5575-4a3a-acc5-5867f0bc0edb","x":1004.1338295501916,"y":285.1425945703294,"vx":1.1450426762830981e-49,"vy":4.540203342682881e-50}