{"playerId":"43239b3e-5575-4a3a-acc5-5867f0bc0edb","x":778.9550793840208,"y":73.7782075915518,"vx":-1.5407510389992891,"vy":0.04035386722933258}