{"playerId":"289db57c-b08a-4c05-b7a4-2b70bf1ea4ed","x":916.3987082926916,"y":200.04814030187012,"vx":-5.180874889399694e-44,"vy":2.733375409508932e-46}