{"playerId":"82a730a6-570f-41e1-86b6-b5574f3b5232","x":653.8531383991228,"y":347.38735294029925,"vx":-0.7949020210064947,"vy":2.7690866873526967}