{"playerId":"82a730a6-570f-41e1-86b6-b5574f3b5232","x":549.6805604757753,"y":283.1893743541518,"vx":0.0025229447097705666,"vy":4.237629230575338e-114}