{"timestamp":1773866793820,"playerId":"682e286a-93ed-4f81-94eb-b34b7ad35359","x":888.7040546875,"y":400,"vx":-5.6554765625,"vy":0}