{"playerId":"82a730a6-570f-41e1-86b6-b5574f3b5232","x":502.2284964252609,"y":283.1893743541518,"vx":3.559056676538753e-18,"vy":7.645827623147872e-18}