{"playerId":"db293f23-81b1-43e4-8e23-6ad72e2059fe","x":939.735768959856,"y":413.96129828214947,"vx":-0.00884195744113062,"vy":-0.06472974517980869,"ball":{"x":1045.3233537042404,"y":737.7405211108432,"vx":-0.08531330746358907,"vy":0.42274035190778103}}