{"playerId":"43239b3e-5575-4a3a-acc5-5867f0bc0edb","x":920.0912385019624,"y":73.38439883707612,"vx":0.6285477102670399,"vy":-0.0752183108192219}