{"playerId":"43239b3e-5575-4a3a-acc5-5867f0bc0edb","x":858.7742059237406,"y":456.4579235357078,"vx":11.137974208311707,"vy":0.026078615299466573}