{"playerId":"43239b3e-5575-4a3a-acc5-5867f0bc0edb","x":757.5032654706636,"y":400.0007225545452,"vx":-0.00017186687700751735,"vy":-0.00003802918657402301}