{"playerId":"db293f23-81b1-43e4-8e23-6ad72e2059fe","x":989.3992454525415,"y":11.675073146203522,"vx":-14.228937875866698,"vy":5.687856148150433,"ball":{"x":1174.792223197154,"y":0,"vx":1.9864844249825717,"vy":7.874664807572863}}