{"playerId":"82a730a6-570f-41e1-86b6-b5574f3b5232","x":502.2283692560456,"y":283.1891011598803,"vx":0.0000066931165846682916,"vy":0.000014378645893825483}