{"playerId":"289db57c-b08a-4c05-b7a4-2b70bf1ea4ed","x":225.319369474614,"y":759.7666038785458,"vx":13.286236036895342,"vy":9.032572848890522}