{"playerId":"43239b3e-5575-4a3a-acc5-5867f0bc0edb","x":783.664179730432,"y":400,"vx":-0.12706209107536662,"vy":0}