{"playerId":"0504de97-01b4-43f7-ad1c-c024c2d9c24a","x":552.3890553776696,"y":152.7748065975809,"vx":-0.9678997556464101,"vy":-6.513302011190385,"ball":{"x":550.1003432543507,"y":7.4071359389326386,"vx":-1.9284288451057994,"vy":-15.172196620452135}}