{"playerId":"43239b3e-5575-4a3a-acc5-5867f0bc0edb","x":875.24731252174,"y":354.2119805707941,"vx":-3.512608515004986,"vy":0.30682610018642875}