{"playerId":"82a730a6-570f-41e1-86b6-b5574f3b5232","x":549.7284964252597,"y":330.689374354144,"vx":1.0330730885579704e-25,"vy":3.9837681962539816e-13}