{"playerId":"23332448-0a84-484e-853e-74c9758a9ca2","x":489.5172275878193,"y":394.34010733004413,"vx":-0.10239238155190618,"vy":0.02923791029339716}