{"playerId":"43239b3e-5575-4a3a-acc5-5867f0bc0edb","x":1014.7805543712299,"y":324.9567974094146,"vx":-0.5458188830815082,"vy":0.10812074703940638}