{"playerId":"82a730a6-570f-41e1-86b6-b5574f3b5232","x":504.0381834805162,"y":449.0778226399025,"vx":5.107862559254951,"vy":5.649189750196684}