{"playerId":"0504de97-01b4-43f7-ad1c-c024c2d9c24a","x":521.7014515730054,"y":509.2720633259001,"vx":-7.8924783509967,"vy":-8.920578610094875,"ball":{"x":600,"y":400,"vx":0,"vy":0}}