{"playerId":"43239b3e-5575-4a3a-acc5-5867f0bc0edb","x":1006.5127363128096,"y":421.27409724802675,"vx":-3.1246169837537154,"vy":-3.442471372789141}