{"playerId":"0504de97-01b4-43f7-ad1c-c024c2d9c24a","x":538.2783773656045,"y":383.3334916112076,"vx":11.601168393962306,"vy":-5.069514489059184,"ball":{"x":600,"y":400,"vx":0,"vy":0}}