{"playerId":"43239b3e-5575-4a3a-acc5-5867f0bc0edb","x":745.3577012267306,"y":42.97063337650296,"vx":-1.3023504038439762,"vy":0.6930618881590604}