{"playerId":"82a730a6-570f-41e1-86b6-b5574f3b5232","x":267.580277148888,"y":195.3145500876755,"vx":3.474417983181849,"vy":4.213210130898711}