{"playerId":"82a730a6-570f-41e1-86b6-b5574f3b5232","x":549.7284964252597,"y":330.6893743541512,"vx":1.945797350066371e-31,"vy":7.50344354664188e-19}