{"playerId":"43239b3e-5575-4a3a-acc5-5867f0bc0edb","x":1004.1338295501916,"y":285.1425945703294,"vx":3.767508802627869e-47,"vy":1.4938531474480285e-47}