{"playerId":"43239b3e-5575-4a3a-acc5-5867f0bc0edb","x":1099.2258913445398,"y":172.56842724026728,"vx":1.41631730158703,"vy":-0.5966769382394524}