{"playerId":"82a730a6-570f-41e1-86b6-b5574f3b5232","x":828.7266158776989,"y":257.50003739428365,"vx":0.001230743279010593,"vy":-0.0000019681201666874714}