{"playerId":"82a730a6-570f-41e1-86b6-b5574f3b5232","x":549.7284964252597,"y":330.6767422682149,"vx":1.724084148043625e-16,"vy":0.0006648466282505841}