{"playerId":"43239b3e-5575-4a3a-acc5-5867f0bc0edb","x":908.7167924868883,"y":374.96741799581184,"vx":-7.194332362454076,"vy":0.025814389474529565}