{"playerId":"43239b3e-5575-4a3a-acc5-5867f0bc0edb","x":695.4969408374396,"y":275.486065747053,"vx":1.6623953381846903,"vy":-2.607399047442465}