{"x":295.3608839077657,"y":87.45130627082776,"vx":18.15999659288377,"vy":3.307354976283853,"goals":{"home":0,"away":0},"ball":{"x":1075.9539959020688,"y":13.105124714066177,"vx":-7.698533606141312e-12,"vy":9.326703281228187e-13},"t":1773941930041,"pid":"eaaecd22-bc70-43b2-972f-3f7aaa81ced6","slot":0,"seq":14190,"echo":1773941930041}