{"x":204.3817205672086,"y":301.7871417447908,"vx":-4.033859436225775,"vy":-21.03371987781998,"goals":{"home":0,"away":0},"ball":{"x":1075.9539959014983,"y":13.105124714135203,"vx":-1.942807045661438e-12,"vy":2.3536930244883275e-13},"t":1773941932325,"pid":"eaaecd22-bc70-43b2-972f-3f7aaa81ced6","slot":0,"seq":14327,"echo":1773941932325}