{"x":860.0294164602484,"y":721.7054752731401,"vx":-16.439306556902203,"vy":-3.580827401813902,"goals":{"home":0,"away":0},"ball":{"x":1075.9539960489471,"y":13.105124696272174,"vx":-1.49130351265488e-9,"vy":1.8067006103201105e-10},"t":1773941921306,"pid":"eaaecd22-bc70-43b2-972f-3f7aaa81ced6","slot":0,"seq":13666,"echo":1773941921306}