{"x":412.58985655396935,"y":490.1431240298594,"vx":-0.00077192156994072,"vy":20.827088922396857,"goals":{"home":0,"away":0},"ball":{"x":439.4624273829433,"y":511.16473808849156,"vx":-0.1597703425171693,"vy":0.3666233275349469},"t":1773941100735,"pid":"eaaecd22-bc70-43b2-972f-3f7aaa81ced6","slot":0,"seq":8452,"echo":1773941100735}