{"x":579.5528265395412,"y":595.9274954276193,"vx":-4.058620108349356,"vy":-6.616311162085509,"goals":{"home":0,"away":0},"ball":{"x":585.2886428773251,"y":500.0603730062989,"vx":-1.3050543192599124,"vy":-1.5368359867251706},"t":1773941117434,"pid":"eaaecd22-bc70-43b2-972f-3f7aaa81ced6","slot":0,"seq":9454,"echo":1773941117434}