{"x":943.2077306090581,"y":245.57154204760383,"vx":-0.2871702530306599,"vy":-0.19066170888927012,"goals":{"home":0,"away":0},"ball":{"x":1056.232666412727,"y":359.9398640980874,"vx":-5.204729727481727e-7,"vy":0.0000012136355505278418},"t":1773941004830,"pid":"eaaecd22-bc70-43b2-972f-3f7aaa81ced6","slot":0,"seq":2698,"echo":1773941004830}