{"x":1056.7565818537805,"y":295.2116677889004,"vx":1.2545654528536534,"vy":0.0000071817909810013525,"goals":{"home":0,"away":0},"ball":{"x":1086.168846870358,"y":314.2394511340364,"vx":0.045090738674575054,"vy":0.025505204655029083},"t":1773941076564,"pid":"eaaecd22-bc70-43b2-972f-3f7aaa81ced6","slot":0,"seq":7002,"echo":1773941076564}