{"x":1097.3417142196654,"y":495.79738625809165,"vx":-0.01852738756439687,"vy":-3.0976863987452448,"goals":{"home":0,"away":0},"ball":{"x":903.3870437519639,"y":501.1591136628087,"vx":-2.2225141016637924,"vy":-4.39146134898596},"t":1773941090833,"pid":"eaaecd22-bc70-43b2-972f-3f7aaa81ced6","slot":0,"seq":7858,"echo":1773941090833}