{"x":889.0752563031866,"y":298.3620925030636,"vx":0.0015222700685103166,"vy":0.003920830230941888,"goals":{"home":0,"away":0},"ball":{"x":1054.7615326403536,"y":282.65359456607604,"vx":-0.245659947456394,"vy":0.23588766782046233},"t":1773941107248,"pid":"eaaecd22-bc70-43b2-972f-3f7aaa81ced6","slot":0,"seq":8843,"echo":1773941107248}