{"x":563.1994346019775,"y":292.9117863262125,"vx":-0.027674534424486787,"vy":0.0030812824758863757,"goals":{"home":0,"away":0},"ball":{"x":1075.955775386123,"y":13.104909131195235,"vx":-0.00001797459410481402,"vy":0.00000217760568950924},"t":1773941905727,"pid":"eaaecd22-bc70-43b2-972f-3f7aaa81ced6","slot":0,"seq":12731,"echo":1773941905727}