{"x":954.8013755104175,"y":329.0040491808784,"vx":-0.13569636273491958,"vy":-0.0000010187961811414912,"goals":{"home":0,"away":0},"ball":{"x":1056.234459493955,"y":359.9356830027427,"vx":-0.00001863240456908189,"vy":0.000043446921859276514},"t":1773940998900,"pid":"eaaecd22-bc70-43b2-972f-3f7aaa81ced6","slot":0,"seq":2342,"echo":1773940998900}