{"x":748.5434111960948,"y":150.89744314643042,"vx":0.8578952882574915,"vy":6.036183737616424,"goals":{"home":0,"away":0},"ball":{"x":797.9921461860222,"y":243.01962865941476,"vx":1.032526560243873,"vy":-1.1017225711719094},"t":1773941119552,"pid":"eaaecd22-bc70-43b2-972f-3f7aaa81ced6","slot":0,"seq":9581,"echo":1773941119552}