{"x":940.4863871548058,"y":592.1119256399228,"vx":-0.810348137798763,"vy":0.19475268439233723,"goals":{"home":0,"away":0},"ball":{"x":974.4490779028883,"y":730.7578501355534,"vx":-0.6014466861106775,"vy":2.727042444190304},"t":1773941032098,"pid":"eaaecd22-bc70-43b2-972f-3f7aaa81ced6","slot":0,"seq":4334,"echo":1773941032098}