{"x":1054.4095272565864,"y":263.51221382560703,"vx":0.7912527216992099,"vy":-0.3627436363893769,"goals":{"home":0,"away":0},"ball":{"x":1118.1998612734362,"y":251.75036644217013,"vx":1.1451752362737377,"vy":-0.6471681254915186},"t":1773941109303,"pid":"eaaecd22-bc70-43b2-972f-3f7aaa81ced6","slot":0,"seq":8966,"echo":1773941109303}