{"x":1083.070676361704,"y":697.0810402147692,"vx":-2.1881936355021003,"vy":4.050566921760191,"goals":{"home":0,"away":0},"ball":{"x":1056.2326148960503,"y":359.9399842243477,"vx":-1.024892690097889e-10,"vy":2.3898382227442594e-10},"t":1773941018981,"pid":"eaaecd22-bc70-43b2-972f-3f7aaa81ced6","slot":0,"seq":3547,"echo":1773941018981}