{"x":186.0183185785003,"y":58.68679832158538,"vx":7.577818927146265,"vy":3.795820470826155,"goals":{"home":0,"away":0},"ball":{"x":1075.9539959126887,"y":13.105124712779725,"vx":-1.1495838744252925e-10,"vy":1.3927103838445706e-11},"t":1773941925555,"pid":"eaaecd22-bc70-43b2-972f-3f7aaa81ced6","slot":0,"seq":13921,"echo":1773941925555}