{"x":255.0093882220853,"y":221.6715840256817,"vx":-4.983055094885397,"vy":-0.0050996517559889175,"goals":{"home":0,"away":0},"ball":{"x":1056.2326193222032,"y":359.9399739034723,"vx":-4.4811106108108745e-8,"vy":1.0449025075042589e-7},"t":1773941008899,"pid":"eaaecd22-bc70-43b2-972f-3f7aaa81ced6","slot":0,"seq":2942,"echo":1773941008899}