{"x":1162.5256133761757,"y":765.8304841819481,"vx":0.5113643747468377,"vy":5.894865709209298,"goals":{"home":0,"away":0},"ball":{"x":1123.0684176216203,"y":761.5866785540231,"vx":1.0724598110616141,"vy":0.7413699009542628},"t":1773940970064,"pid":"eaaecd22-bc70-43b2-972f-3f7aaa81ced6","slot":0,"seq":612,"echo":1773940970064}