{"x":680.2210198484975,"y":143.73132048988182,"vx":4.006261180678322,"vy":-0.8807068799099427,"goals":{"home":0,"away":0},"ball":{"x":702.6865880841519,"y":104.59546840662446,"vx":-0.19523677168589018,"vy":-0.38576796255985296},"t":1773941094867,"pid":"eaaecd22-bc70-43b2-972f-3f7aaa81ced6","slot":0,"seq":8100,"echo":1773941094867}