{"x":593.4775887720117,"y":346.6317934420165,"vx":-0.07330883014430176,"vy":-2.793764758755151,"goals":{"home":0,"away":0},"ball":{"x":709.9912695984315,"y":307.3443018788202,"vx":-1.1288493219748001,"vy":0.8496413350624468},"t":1773941143681,"pid":"eaaecd22-bc70-43b2-972f-3f7aaa81ced6","slot":0,"seq":11029,"echo":1773941143681}