{"x":1124.1227350699285,"y":55.33695624571893,"vx":-1.4633591871828626,"vy":-5.126716935288305,"goals":{"home":0,"away":0},"ball":{"x":1149.8237282346518,"y":0.8916661559628949,"vx":-0.5050897502255128,"vy":-0.38921735933929297},"t":1773941151652,"pid":"eaaecd22-bc70-43b2-972f-3f7aaa81ced6","slot":0,"seq":11507,"echo":1773941151652}