{"x":740.2777610169385,"y":630.126136347785,"vx":0.5943582002674285,"vy":14.359854520997999,"goals":{"home":0,"away":0},"ball":{"x":811.703857332476,"y":590.8808164586319,"vx":2.688463846587522,"vy":1.7571780548002027},"t":1773941133099,"pid":"eaaecd22-bc70-43b2-972f-3f7aaa81ced6","slot":0,"seq":10394,"echo":1773941133099}