{"x":1140.9202382715932,"y":280.2350417522762,"vx":0.35387386068027,"vy":5.6507077868821325,"goals":{"home":0,"away":0},"ball":{"x":1175.9411384596085,"y":369.85625383092224,"vx":0.018505784016633366,"vy":0.011466348702987229},"t":1773941083098,"pid":"eaaecd22-bc70-43b2-972f-3f7aaa81ced6","slot":0,"seq":7394,"echo":1773941083098}