{"x":1009.4631061830855,"y":637.9367622159141,"vx":-0.44912937660140884,"vy":-1.3200720469623985,"goals":{"home":0,"away":0},"ball":{"x":1056.2326148863908,"y":359.93998424686976,"vx":-4.926144693792012e-12,"vy":1.1486752704684172e-11},"t":1773941024015,"pid":"eaaecd22-bc70-43b2-972f-3f7aaa81ced6","slot":0,"seq":3849,"echo":1773941024015}