{"x":823.3157690756108,"y":259.17898238771255,"vx":-0.600131191890464,"vy":-1.4353871965770728,"goals":{"home":0,"away":0},"ball":{"x":1056.2326152875396,"y":359.93998331147577,"vx":-4.056926811104131e-9,"vy":9.459916002646677e-9},"t":1773941012886,"pid":"eaaecd22-bc70-43b2-972f-3f7aaa81ced6","slot":0,"seq":3181,"echo":1773941012886}