{"x":1012.3868234571112,"y":75.65674506953604,"vx":-0.00020210683884528687,"vy":0.000011598947486792105,"goals":{"home":0,"away":0},"ball":{"x":1085.174266864384,"y":11.988097292513322,"vx":-0.09313405013211754,"vy":0.01128310526914325},"t":1773941701049,"pid":"eaaecd22-bc70-43b2-972f-3f7aaa81ced6","slot":0,"seq":11880,"echo":1773941701049}