{"x":974.620051149516,"y":745.5159884285248,"vx":0.7546551688778325,"vy":27.187344716285978,"goals":{"home":0,"away":0},"ball":{"x":1075.954047648024,"y":13.105118445091156,"vx":-5.226940909557501e-7,"vy":6.332391261248339e-8},"t":1773941911592,"pid":"eaaecd22-bc70-43b2-972f-3f7aaa81ced6","slot":0,"seq":13083,"echo":1773941911592}