{"x":968.187747540028,"y":336.8503559150976,"vx":0.009474753783156476,"vy":0.29324941569597396,"goals":{"home":0,"away":0},"ball":{"x":1056.4839735976918,"y":359.35386761076643,"vx":-0.0025389768867576674,"vy":0.005920370073142165},"t":1773940990749,"pid":"eaaecd22-bc70-43b2-972f-3f7aaa81ced6","slot":0,"seq":1853,"echo":1773940990749}