{"x":538.5390898631465,"y":420.8959661461458,"vx":-0.054688940165613986,"vy":1.4002123080975843,"goals":{"home":0,"away":0},"ball":{"x":600,"y":400,"vx":0,"vy":0},"t":1773940966099,"pid":"eaaecd22-bc70-43b2-972f-3f7aaa81ced6","slot":0,"seq":374,"echo":1773940966099}