{"x":1026.1019896466933,"y":506.7984589568867,"vx":-0.058132024817695874,"vy":3.0305298103313385,"goals":{"home":0,"away":0},"ball":{"x":1111.6816491953596,"y":555.6869157310758,"vx":1.0683573709037224,"vy":-0.28109246308348484},"t":1773940980680,"pid":"eaaecd22-bc70-43b2-972f-3f7aaa81ced6","slot":0,"seq":1249,"echo":1773940980680}