{"x":1017.1071111582918,"y":418.96759730936515,"vx":-0.051359370297951186,"vy":2.295054219478374,"goals":{"home":0,"away":0},"ball":{"x":1070.8405901012754,"y":429.7175114227897,"vx":-0.38404115569773034,"vy":-1.1106818259237026},"t":1773940974799,"pid":"eaaecd22-bc70-43b2-972f-3f7aaa81ced6","slot":0,"seq":896,"echo":1773940974799}