{"x":313.8401461444739,"y":583.5565347964433,"vx":-20.671541639677926,"vy":-7.124418179191376,"goals":{"home":0,"away":0},"ball":{"x":1075.953996595343,"y":13.105124630076824,"vx":-7.010452850868499e-9,"vy":8.493099719007772e-10},"t":1773941918744,"pid":"eaaecd22-bc70-43b2-972f-3f7aaa81ced6","slot":0,"seq":13512,"echo":1773941918744}