{"x":993.0755656783628,"y":754.5272513227064,"vx":-21.035536177317972,"vy":-0.4716017159394021,"goals":{"home":0,"away":0},"ball":{"x":1075.9539959040935,"y":13.105124713820894,"vx":-2.8149319917688207e-11,"vy":3.4102644460915233e-12},"t":1773941927889,"pid":"eaaecd22-bc70-43b2-972f-3f7aaa81ced6","slot":0,"seq":14061,"echo":1773941927889}