{"x":1114.9752307069525,"y":562.6571845298188,"vx":-0.24141113786965693,"vy":5.124510762088572,"goals":{"home":0,"away":0},"ball":{"x":1179.871579232775,"y":579.3292618041451,"vx":0.08131038723997798,"vy":0.3576144191824507},"t":1773941044485,"pid":"eaaecd22-bc70-43b2-972f-3f7aaa81ced6","slot":0,"seq":5077,"echo":1773941044485}