{"x":1147.0682471803887,"y":357.37175461851496,"vx":-0.04855179102417889,"vy":-0.8939411485366261,"goals":{"home":0,"away":0},"ball":{"x":1179.8987934949098,"y":370.10912469329713,"vx":0.293302747652888,"vy":-0.05168238592553568},"t":1773941085000,"pid":"eaaecd22-bc70-43b2-972f-3f7aaa81ced6","slot":0,"seq":7508,"echo":1773941085000}