{"x":367.0573427648154,"y":14.552650284890737,"vx":-0.023850701596127986,"vy":-0.058740105654679034,"goals":{"home":0,"away":0},"ball":{"x":996.6903371366043,"y":12.057876028833878,"vx":3.865229887754596,"vy":2.9691777540552318},"t":1773941103047,"pid":"eaaecd22-bc70-43b2-972f-3f7aaa81ced6","slot":0,"seq":8591,"echo":1773941103047}