{"x":858.1417528481088,"y":218.68830924704528,"vx":1.6296013992831448,"vy":4.197277843705599,"goals":{"home":0,"away":0},"ball":{"x":1125.8488226100487,"y":214.3941358457864,"vx":-0.9637133814937162,"vy":0.9253771498435905},"t":1773941104984,"pid":"eaaecd22-bc70-43b2-972f-3f7aaa81ced6","slot":0,"seq":8707,"echo":1773941104984}