{"x":418.8116961738265,"y":630.7747299828942,"vx":-0.32823716472031983,"vy":2.175425451184484,"goals":{"home":0,"away":0},"ball":{"x":475.4271131513817,"y":428.63695125122814,"vx":-0.523049996743817,"vy":1.2002373359921537},"t":1773941098770,"pid":"eaaecd22-bc70-43b2-972f-3f7aaa81ced6","slot":0,"seq":8334,"echo":1773941098770}