{"x":949.4268461707529,"y":236.40868900850066,"vx":-1.6054330380442636,"vy":2.9769285097238787,"goals":{"home":0,"away":0},"ball":{"x":1075.9608378247526,"y":13.104295821370256,"vx":-0.00006911033784664051,"vy":0.000008372654426641213},"t":1773941903488,"pid":"eaaecd22-bc70-43b2-972f-3f7aaa81ced6","slot":0,"seq":12597,"echo":1773941903488}