{"x":696.9171019973321,"y":80.19151866495294,"vx":0.03463621298986585,"vy":1.1534892047603653,"goals":{"home":0,"away":0},"ball":{"x":601.9033413084373,"y":138.41327838136579,"vx":-1.8005876548958941,"vy":4.131789587202885},"t":1773941096715,"pid":"eaaecd22-bc70-43b2-972f-3f7aaa81ced6","slot":0,"seq":8211,"echo":1773941096715}