{"x":547.7847421612917,"y":392.68436950792676,"vx":0.7086977809846531,"vy":-4.614966816206667,"goals":{"home":0,"away":0},"ball":{"x":600,"y":400,"vx":0,"vy":0},"t":1773940964217,"pid":"eaaecd22-bc70-43b2-972f-3f7aaa81ced6","slot":0,"seq":261,"echo":1773940964217}