{"x":904.1873944964192,"y":283.6787308963892,"vx":-0.4003185830082158,"vy":-3.2686336975827044,"goals":{"home":0,"away":0},"ball":{"x":1056.2326306252362,"y":359.9399475471296,"vx":-1.5898316727766575e-7,"vy":3.7071593309619646e-7},"t":1773941006802,"pid":"eaaecd22-bc70-43b2-972f-3f7aaa81ced6","slot":0,"seq":2816,"echo":1773941006802}