{"x":911.8237574771653,"y":756.5880771662255,"vx":0.9534361580914621,"vy":10.03439762671002,"goals":{"home":0,"away":0},"ball":{"x":858.3296892190982,"y":744.3289871423354,"vx":-4.0630446863485234,"vy":5.980817424130249},"t":1773941115552,"pid":"eaaecd22-bc70-43b2-972f-3f7aaa81ced6","slot":0,"seq":9341,"echo":1773941115552}