{"x":657.8360061833912,"y":770,"vx":8.332013485381783,"vy":-5.498191074287528,"goals":{"home":0,"away":0},"ball":{"x":1075.953998851928,"y":13.105124356693617,"vx":-2.9804239919207645e-8,"vy":3.6107564955907793e-9},"t":1773941916341,"pid":"eaaecd22-bc70-43b2-972f-3f7aaa81ced6","slot":0,"seq":13368,"echo":1773941916341}