{"x":1038.5405288632105,"y":500.5335364436605,"vx":12.958044951794836,"vy":4.644176450833737,"goals":{"home":0,"away":0},"ball":{"x":1162.606825869823,"y":503.39646950297947,"vx":0.2557018353506123,"vy":1.1246123212144294},"t":1773941042583,"pid":"eaaecd22-bc70-43b2-972f-3f7aaa81ced6","slot":0,"seq":4963,"echo":1773941042583}