{"x":1153.6491849374968,"y":627.107289246296,"vx":-4.565188130757669,"vy":6.805531824432423,"goals":{"home":0,"away":0},"ball":{"x":1144.5973246426518,"y":401.85311472975906,"vx":-0.11027290728105321,"vy":-0.20821190191369499},"t":1773941038583,"pid":"eaaecd22-bc70-43b2-972f-3f7aaa81ced6","slot":0,"seq":4723,"echo":1773941038583}