{"x":1156.5282350548252,"y":224.46703063219616,"vx":-13.471764945174742,"vy":12.37305364971089,"goals":{"home":0,"away":0},"ball":{"x":1075.9822197199182,"y":13.101705424263345,"vx":-0.00028508907690246295,"vy":0.00003453828176923744},"t":1773941901142,"pid":"eaaecd22-bc70-43b2-972f-3f7aaa81ced6","slot":0,"seq":12456,"echo":1773941901142}