{"x":1146.5649869781,"y":269.15243956824185,"vx":0.21367685208835244,"vy":2.6656139501502407,"goals":{"home":0,"away":0},"ball":{"x":1137.4274144503174,"y":307.671582921998,"vx":-0.2175714015198287,"vy":-0.08339098928772375},"t":1773941068649,"pid":"eaaecd22-bc70-43b2-972f-3f7aaa81ced6","slot":0,"seq":6527,"echo":1773941068649}