{"x":905.3085886913258,"y":221.99095843563217,"vx":0.01825555583735702,"vy":0.3297961236931738,"goals":{"home":0,"away":0},"ball":{"x":935.3690642936258,"y":223.896335337174,"vx":-0.013169962529109321,"vy":0.036941401668038096},"t":1773941054769,"pid":"eaaecd22-bc70-43b2-972f-3f7aaa81ced6","slot":0,"seq":5694,"echo":1773941054769}