{"x":955.413834769177,"y":266.7323764939405,"vx":3.302610165931298,"vy":1.5911983355840797,"goals":{"home":0,"away":0},"ball":{"x":972.713189652779,"y":86.97305538621428,"vx":-0.055682114990832796,"vy":1.7228138527017065},"t":1773941137633,"pid":"eaaecd22-bc70-43b2-972f-3f7aaa81ced6","slot":0,"seq":10666,"echo":1773941137633}