{"x":1141.9128819727384,"y":333.7508316803053,"vx":-3.720977606778489,"vy":-0.1465654828339921,"goals":{"home":0,"away":0},"ball":{"x":1159.0891723210618,"y":446.57108369817183,"vx":2.1218291025236966,"vy":1.4209172415096836},"t":1773940976632,"pid":"eaaecd22-bc70-43b2-972f-3f7aaa81ced6","slot":0,"seq":1006,"echo":1773940976632}