{"x":1097.702205369357,"y":436.37268281305415,"vx":-2.918814137413098,"vy":-3.1509817362791215,"goals":{"home":0,"away":0},"ball":{"x":1056.299990763367,"y":359.7828776076645,"vx":-0.0006805644188232191,"vy":0.0015869357610386707},"t":1773940992936,"pid":"eaaecd22-bc70-43b2-972f-3f7aaa81ced6","slot":0,"seq":1984,"echo":1773940992936}