{"x":1142.1214531442242,"y":292.6662109758653,"vx":-0.1273048027179768,"vy":-0.7647181034588788,"goals":{"home":0,"away":0},"ball":{"x":1181.126501055729,"y":273.3396555285978,"vx":-0.9538252730566906,"vy":-1.6014143842100508},"t":1773941086882,"pid":"eaaecd22-bc70-43b2-972f-3f7aaa81ced6","slot":0,"seq":7621,"echo":1773941086882}