{"x":997.5178380611603,"y":566.708064636513,"vx":9.089730460852367,"vy":2.7078879266148865,"goals":{"home":0,"away":0},"ball":{"x":910.6715890327197,"y":469.2355492001704,"vx":-0.19435564420280435,"vy":3.061785441539028},"t":1773941113282,"pid":"eaaecd22-bc70-43b2-972f-3f7aaa81ced6","slot":0,"seq":9205,"echo":1773941113282}