{"x":956.950766448051,"y":61.55636417151376,"vx":-0.19975379977978075,"vy":0.023722137594147714,"goals":{"home":0,"away":0},"ball":{"x":950.6426030365594,"y":181.05445721125272,"vx":-0.16744813164965017,"vy":0.4696876453642114},"t":1773941050554,"pid":"eaaecd22-bc70-43b2-972f-3f7aaa81ced6","slot":0,"seq":5441,"echo":1773941050554}