{"x":993.1177040975018,"y":534.2632952994273,"vx":11.712924859588945,"vy":2.836491071227381,"goals":{"home":0,"away":0},"ball":{"x":1056.2326161238188,"y":359.9399813614464,"vx":-1.250418464021336e-8,"vy":2.915717780617535e-8},"t":1773941011017,"pid":"eaaecd22-bc70-43b2-972f-3f7aaa81ced6","slot":0,"seq":3069,"echo":1773941011017}