{"x":1113.2542114064713,"y":2.7225356827650042,"vx":0.07375520950263949,"vy":-1.595893618336401,"goals":{"home":0,"away":0},"ball":{"x":1158.5336850621302,"y":1.0128035124446906,"vx":0.5414934023645278,"vy":0.1985096926202247},"t":1773941153436,"pid":"eaaecd22-bc70-43b2-972f-3f7aaa81ced6","slot":0,"seq":11614,"echo":1773941153436}