{"x":1028.824094115761,"y":329.0158164699708,"vx":-2.7816289209109053,"vy":-0.0006203498010427953,"goals":{"home":0,"away":0},"ball":{"x":1056.239093838096,"y":359.92487666869965,"vx":-0.00006544396155704142,"vy":0.00015260181118267676},"t":1773940996817,"pid":"eaaecd22-bc70-43b2-972f-3f7aaa81ced6","slot":0,"seq":2217,"echo":1773940996817}