{"x":1005.4056020163275,"y":282.1985979564289,"vx":0.06370380111320556,"vy":0.08065875951633139,"goals":{"home":0,"away":0},"ball":{"x":1056.2326148859129,"y":359.9399842479777,"vx":-1.2570518518302704e-13,"vy":2.931185471903898e-13},"t":1773941030098,"pid":"eaaecd22-bc70-43b2-972f-3f7aaa81ced6","slot":0,"seq":4214,"echo":1773941030098}