{"x":1136.28396458627,"y":375.10665365598686,"vx":-4.402111734829058,"vy":-0.5925349448921006,"goals":{"home":0,"away":0},"ball":{"x":1169.0738467147319,"y":365.60121866347765,"vx":0.08787236729822004,"vy":0.05444650190949675},"t":1773941080515,"pid":"eaaecd22-bc70-43b2-972f-3f7aaa81ced6","slot":0,"seq":7239,"echo":1773941080515}