{"x":944.8737851391378,"y":300.1027735439548,"vx":-0.6330676459774917,"vy":-3.47441707659649,"goals":{"home":0,"away":0},"ball":{"x":1056.2326150037536,"y":359.9399839732076,"vx":-1.1903945059427892e-9,"vy":2.77575429889653e-9},"t":1773941014919,"pid":"eaaecd22-bc70-43b2-972f-3f7aaa81ced6","slot":0,"seq":3303,"echo":1773941014919}