{"x":1037.6186163784037,"y":620.9441504330543,"vx":-7.996649435172337,"vy":2.3124000239108704,"goals":{"home":0,"away":0},"ball":{"x":1056.2332316801453,"y":359.9385460111346,"vx":-0.000006230244876110857,"vy":0.000014527645172846529},"t":1773941000719,"pid":"eaaecd22-bc70-43b2-972f-3f7aaa81ced6","slot":0,"seq":2451,"echo":1773941000719}