{"x":499.8838314684951,"y":750.3352702911789,"vx":-12.580295817670699,"vy":-7.959262105728508,"goals":{"home":0,"away":0},"ball":{"x":1075.9540099119515,"y":13.105123016781821,"vx":-1.4152165154801906e-7,"vy":1.7145219068795145e-8},"t":1773941913758,"pid":"eaaecd22-bc70-43b2-972f-3f7aaa81ced6","slot":0,"seq":13213,"echo":1773941913758}