{"x":1055.3534685062725,"y":367.2714151900556,"vx":0.014283087447662402,"vy":0.0014573384758153752,"goals":{"home":0,"away":0},"ball":{"x":1184.357590590177,"y":326.17282163108996,"vx":0.8814426372327373,"vy":-0.27027218836946004},"t":1773941066697,"pid":"eaaecd22-bc70-43b2-972f-3f7aaa81ced6","slot":0,"seq":6410,"echo":1773941066697}