{"x":1071.1041956763409,"y":228.46695437407595,"vx":-0.7303295675316802,"vy":1.0229639967413158,"goals":{"home":0,"away":0},"ball":{"x":1102.2595745999301,"y":310.5684021337326,"vx":-0.197897833424664,"vy":0.022533854976355776},"t":1773941070468,"pid":"eaaecd22-bc70-43b2-972f-3f7aaa81ced6","slot":0,"seq":6636,"echo":1773941070468}