{"x":926.469621769501,"y":180.0144020213848,"vx":-3.595483027224522,"vy":0.03908856654829663,"goals":{"home":0,"away":0},"ball":{"x":938.6910205653772,"y":214.57833456935205,"vx":-0.04672507638518425,"vy":0.13106262154502785},"t":1773941052664,"pid":"eaaecd22-bc70-43b2-972f-3f7aaa81ced6","slot":0,"seq":5568,"echo":1773941052664}