{"x":561.7320763793199,"y":419.811571567244,"vx":-6.01749458698934,"vy":-2.803432031097445,"goals":{"home":0,"away":0},"ball":{"x":750.5966239629691,"y":406.4160181470521,"vx":-2.615539192358832,"vy":1.5760427759801496},"t":1773941131266,"pid":"eaaecd22-bc70-43b2-972f-3f7aaa81ced6","slot":0,"seq":10284,"echo":1773941131266}