{"x":1060.53420133292,"y":310.9281494891247,"vx":-0.6870350784395636,"vy":0.21427866947150098,"goals":{"home":0,"away":0},"ball":{"x":1072.4520402685182,"y":364.2174545300183,"vx":-0.3629822552210076,"vy":-0.8373292078410501},"t":1773940984715,"pid":"eaaecd22-bc70-43b2-972f-3f7aaa81ced6","slot":0,"seq":1491,"echo":1773940984715}