{"x":1007.9344569226882,"y":748.2931839345279,"vx":1.3517397887127565,"vy":0.16929945395323936,"goals":{"home":0,"away":0},"ball":{"x":1088.3176075542913,"y":545.9658796051084,"vx":-0.4980742958991277,"vy":0.4169294040658738},"t":1773940978667,"pid":"eaaecd22-bc70-43b2-972f-3f7aaa81ced6","slot":0,"seq":1128,"echo":1773940978667}