{"x":797.573935021719,"y":121.12079140250943,"vx":-0.07083537924920759,"vy":-1.0890240488035972,"goals":{"home":0,"away":0},"ball":{"x":1081.188241294126,"y":92.36678022329771,"vx":2.1301982431866895,"vy":-1.313208410524494},"t":1773941149631,"pid":"eaaecd22-bc70-43b2-972f-3f7aaa81ced6","slot":0,"seq":11386,"echo":1773941149631}