{"x":751.6947734145841,"y":46.0918772099107,"vx":3.3436845483129027,"vy":0.4544589183606053,"goals":{"home":0,"away":0},"ball":{"x":868.032441211109,"y":168.28549891223247,"vx":0.3250488327177462,"vy":-0.34683237170542136},"t":1773941121468,"pid":"eaaecd22-bc70-43b2-972f-3f7aaa81ced6","slot":0,"seq":9696,"echo":1773941121468}