{"x":1020.8123281893791,"y":75.17320385194219,"vx":-0.4436497243266023,"vy":0.0254611367155825,"goals":{"home":0,"away":0},"ball":{"x":1117.5895639770504,"y":8.061013598268799,"vx":-0.420561293694423,"vy":0.05095061733221928},"t":1773941155367,"pid":"eaaecd22-bc70-43b2-972f-3f7aaa81ced6","slot":0,"seq":11730,"echo":1773941155367}