{"x":878.66456080736,"y":168.7851807019648,"vx":-19.21218828316766,"vy":0.7235149867143902,"goals":{"home":0,"away":0},"ball":{"x":1076.0647167247691,"y":13.091710987332922,"vx":-0.0011183921562034978,"vy":0.00013549219015738354},"t":1773941898878,"pid":"eaaecd22-bc70-43b2-972f-3f7aaa81ced6","slot":0,"seq":12320,"echo":1773941898878}