{"x":730.9391307771313,"y":412.77103274503963,"vx":0.7264424062754796,"vy":5.726942100625537,"goals":{"home":0,"away":0},"ball":{"x":844.9057204990091,"y":569.2983996945803,"vx":3.882184024421322,"vy":2.6836757480193407},"t":1773940967932,"pid":"eaaecd22-bc70-43b2-972f-3f7aaa81ced6","slot":0,"seq":484,"echo":1773940967932}