{"x":1015.7668102780209,"y":409.26303865581167,"vx":0.14259941703585213,"vy":0.11794260427052218,"goals":{"home":0,"away":0},"ball":{"x":1035.7890929503437,"y":336.03442370540756,"vx":0.21545237269429318,"vy":0.31983781830623703},"t":1773941060684,"pid":"eaaecd22-bc70-43b2-972f-3f7aaa81ced6","slot":0,"seq":6049,"echo":1773941060684}