{"x":392.5696139654707,"y":400,"vx":0.1279150544489131,"vy":0,"goals":{"home":0,"away":0},"ball":{"x":600,"y":400,"vx":0,"vy":0},"t":1773940962398,"pid":"eaaecd22-bc70-43b2-972f-3f7aaa81ced6","slot":0,"seq":152,"echo":1773940962398}