{"x":1062.4993294938597,"y":283.8091174931733,"vx":-1.5274418737169806,"vy":0.6102185694203972,"goals":{"home":0,"away":0},"ball":{"x":1084.4414200362917,"y":312.5972859468348,"vx":-0.017916474195995298,"vy":0.0020400790864336083},"t":1773941074453,"pid":"eaaecd22-bc70-43b2-972f-3f7aaa81ced6","slot":0,"seq":6875,"echo":1773941074453}