{"x":876.0652063149079,"y":464.7106962196124,"vx":-1.878906951443648,"vy":-5.775241149072285,"goals":{"home":0,"away":0},"ball":{"x":1056.2326148859456,"y":359.93998424790783,"vx":-4.2840985363917793e-13,"vy":9.989633579388636e-13},"t":1773941028070,"pid":"eaaecd22-bc70-43b2-972f-3f7aaa81ced6","slot":0,"seq":4092,"echo":1773941028070}