{"x":1025.822212236204,"y":127.73887434604377,"vx":6.623193658216351,"vy":-0.0002415336083697937,"goals":{"home":0,"away":0},"ball":{"x":1134.1293741425006,"y":107.47119769797246,"vx":-0.4934772065727808,"vy":-0.10330516911486055},"t":1773941127231,"pid":"eaaecd22-bc70-43b2-972f-3f7aaa81ced6","slot":0,"seq":10042,"echo":1773941127231}