{"x":1139.4763282058,"y":560.1934462377516,"vx":0.014736019045625269,"vy":-3.4844697846284323,"goals":{"home":0,"away":0},"ball":{"x":1145.9772757792123,"y":525.6904781210196,"vx":-0.5340621778598156,"vy":-0.15804605531584767},"t":1773940982798,"pid":"eaaecd22-bc70-43b2-972f-3f7aaa81ced6","slot":0,"seq":1376,"echo":1773940982798}