{"x":1163.9535226691446,"y":770,"vx":1.546570846768978,"vy":-1.1803353958182239,"goals":{"home":0,"away":0},"ball":{"x":1183.478205156872,"y":755.4757019228418,"vx":-1.5217948431280026,"vy":-4.401168598651509},"t":1773940972515,"pid":"eaaecd22-bc70-43b2-972f-3f7aaa81ced6","slot":0,"seq":759,"echo":1773940972515}