{"x":562.6736279094517,"y":397.7848205816383,"vx":-4.979758136641348e-7,"vy":0.10844790061136872,"goals":{"home":0,"away":0},"ball":{"x":1075.9542051153046,"y":13.105099368073537,"vx":-0.0000021132726935406934,"vy":2.560210602867655e-7},"t":1773941909273,"pid":"eaaecd22-bc70-43b2-972f-3f7aaa81ced6","slot":0,"seq":12944,"echo":1773941909273}