{"x":681.7042852485619,"y":302.96458111915354,"vx":-2.216819171015347,"vy":-1.7454904259728816,"goals":{"home":0,"away":0},"ball":{"x":632.3720909396412,"y":365.76526320493866,"vx":-0.34481721431024964,"vy":0.25953061459659904},"t":1773941145653,"pid":"eaaecd22-bc70-43b2-972f-3f7aaa81ced6","slot":0,"seq":11147,"echo":1773941145653}