{"x":1005.762310800483,"y":129.40736464720533,"vx":0.17897794430695163,"vy":-0.08805681261687526,"goals":{"home":0,"away":0},"ball":{"x":1116.1514181153063,"y":129.73100543801198,"vx":1.9594299047360118,"vy":-0.32815171194354237},"t":1773941125315,"pid":"eaaecd22-bc70-43b2-972f-3f7aaa81ced6","slot":0,"seq":9927,"echo":1773941125315}