{"x":583.172708562581,"y":387.29128769525437,"vx":7.463439697547534,"vy":1.1520024621045495,"goals":{"home":0,"away":0},"ball":{"x":608.579551416322,"y":383.71699066476896,"vx":6.904023393467542,"vy":-4.256139829125217},"t":1773941147680,"pid":"eaaecd22-bc70-43b2-972f-3f7aaa81ced6","slot":0,"seq":11269,"echo":1773941147680}