{"x":1009.8572094889897,"y":110.93963941045018,"vx":5.828512231104311,"vy":-6.452191366907594,"goals":{"home":0,"away":0},"ball":{"x":984.6487408485151,"y":85.66812689227886,"vx":-0.5109444731845605,"vy":1.4331859314144526},"t":1773941048699,"pid":"eaaecd22-bc70-43b2-972f-3f7aaa81ced6","slot":0,"seq":5330,"echo":1773941048699}