{"x":659.3204282279942,"y":129.48687185971824,"vx":6.419107983217294,"vy":12.431816607347962,"goals":{"home":0,"away":0},"ball":{"x":755.4666242215733,"y":208.88344053784928,"vx":-0.7283684498416613,"vy":-1.4391818224712167},"t":1773941092680,"pid":"eaaecd22-bc70-43b2-972f-3f7aaa81ced6","slot":0,"seq":7969,"echo":1773941092680}