{"x":990.8701447596562,"y":332.8821641768525,"vx":0.2039258946764477,"vy":-0.20411233437375728,"goals":{"home":0,"away":0},"ball":{"x":1056.2527859024628,"y":359.8929496005434,"vx":-0.00020374764202054477,"vy":0.00047509744912728973},"t":1773940994936,"pid":"eaaecd22-bc70-43b2-972f-3f7aaa81ced6","slot":0,"seq":2104,"echo":1773940994936}