{"x":910.9791262032772,"y":752.6181145447401,"vx":-0.10487665030600211,"vy":-0.1296210451252455,"goals":{"home":0,"away":0},"ball":{"x":1045.929302462546,"y":689.0435267708189,"vx":2.058313350336749,"vy":-3.1091251548536865},"t":1773941034097,"pid":"eaaecd22-bc70-43b2-972f-3f7aaa81ced6","slot":0,"seq":4454,"echo":1773941034097}