{"x":981.867748995825,"y":199.41966042469573,"vx":0.6767605371514148,"vy":-0.08766906777598367,"goals":{"home":0,"away":0},"ball":{"x":985.8724451624392,"y":261.9334447930178,"vx":0.7196609362084792,"vy":1.0683325547950244},"t":1773941058685,"pid":"eaaecd22-bc70-43b2-972f-3f7aaa81ced6","slot":0,"seq":5929,"echo":1773941058685}