{"x":953.9871907436448,"y":344.1231445462775,"vx":-0.02934435347292448,"vy":-0.8561974327709679,"goals":{"home":0,"away":0},"ball":{"x":1056.2326148860564,"y":359.93998424764885,"vx":-1.5507955380223957e-12,"vy":3.616135121495688e-12},"t":1773941025932,"pid":"eaaecd22-bc70-43b2-972f-3f7aaa81ced6","slot":0,"seq":3964,"echo":1773941025932}