{"x":1113.8152430900109,"y":48.66544735798304,"vx":-1.219527061824035,"vy":-0.2902980915171549,"goals":{"home":0,"away":0},"ball":{"x":1071.7426303958991,"y":109.70880134658469,"vx":-4.193817027542418,"vy":0.7176755604660375},"t":1773941111365,"pid":"eaaecd22-bc70-43b2-972f-3f7aaa81ced6","slot":0,"seq":9090,"echo":1773941111365}