{"x":978.4456960552059,"y":450.47817096751504,"vx":-1.6595930596491801,"vy":0.6703670475012035,"goals":{"home":0,"away":0},"ball":{"x":968.7859733657048,"y":208.48177722699143,"vx":-0.016013263606244464,"vy":0.4954530260271903},"t":1773941139702,"pid":"eaaecd22-bc70-43b2-972f-3f7aaa81ced6","slot":0,"seq":10790,"echo":1773941139702}