{"x":1018.4687675395313,"y":411.4978014807542,"vx":0.000391140114257302,"vy":0.0003235082209247553,"goals":{"home":0,"away":0},"ball":{"x":1050.404065899611,"y":357.73026768355936,"vx":0.06782638330776476,"vy":0.10068787913298602},"t":1773941062601,"pid":"eaaecd22-bc70-43b2-972f-3f7aaa81ced6","slot":0,"seq":6164,"echo":1773941062601}