{"x":1160.6460641591507,"y":298.3023267615331,"vx":-1.683951635258559,"vy":14.883389908453086,"goals":{"home":0,"away":0},"ball":{"x":1075.9539959393223,"y":13.105124709553056,"vx":-3.8398769852163724e-10,"vy":4.651975961884601e-11},"t":1773941923555,"pid":"eaaecd22-bc70-43b2-972f-3f7aaa81ced6","slot":0,"seq":13801,"echo":1773941923555}