{"x":1065.901562364558,"y":390.43141834022384,"vx":0.05310779413381704,"vy":-1.9878433910374798,"goals":{"home":0,"away":0},"ball":{"x":1136.8836079017524,"y":387.2884526287358,"vx":-0.03235657656490442,"vy":-0.0610941029134577},"t":1773941040617,"pid":"eaaecd22-bc70-43b2-972f-3f7aaa81ced6","slot":0,"seq":4845,"echo":1773941040617}