{"x":1018.4761856781922,"y":366.5659247965668,"vx":7.11763656786669e-7,"vy":-0.13484087682184026,"goals":{"home":0,"away":0},"ball":{"x":1055.1683022348848,"y":364.80274934766913,"vx":0.01970278396156305,"vy":0.029248670404604715},"t":1773941064649,"pid":"eaaecd22-bc70-43b2-972f-3f7aaa81ced6","slot":0,"seq":6287,"echo":1773941064649}