{"x":1130.9712909689401,"y":135.99249513692305,"vx":-0.005266531321750567,"vy":4.776479595537396,"goals":{"home":0,"away":0},"ball":{"x":1156.7361874884268,"y":295.59814371363274,"vx":-0.396145345105082,"vy":3.379274462172549},"t":1773941088986,"pid":"eaaecd22-bc70-43b2-972f-3f7aaa81ced6","slot":0,"seq":7747,"echo":1773941088986}