{"x":910.8687143319004,"y":204.977919185056,"vx":0.9180614167056983,"vy":-0.013388810076231814,"goals":{"home":0,"away":0},"ball":{"x":947.1993498817667,"y":223.89454436567127,"vx":0.09606789556389553,"vy":-0.00831376224447393},"t":1773941056699,"pid":"eaaecd22-bc70-43b2-972f-3f7aaa81ced6","slot":0,"seq":5810,"echo":1773941056699}