{"x":950.4129422902095,"y":484.42975049472204,"vx":-1.3973145606795148,"vy":-11.639880753091761,"goals":{"home":0,"away":0},"ball":{"x":1056.232614919121,"y":359.9399841705517,"vx":-3.3552542341258076e-10,"vy":7.823760373364071e-10},"t":1773941017016,"pid":"eaaecd22-bc70-43b2-972f-3f7aaa81ced6","slot":0,"seq":3429,"echo":1773941017016}