{"x":1012.7713216459597,"y":75.6346786499794,"vx":-0.020438853620343207,"vy":0.0011729894504661882,"goals":{"home":0,"away":0},"ball":{"x":1098.7351735336613,"y":10.345205812142378,"vx":-0.2301129053773554,"vy":0.027877968707233632},"t":1773941651603,"pid":"eaaecd22-bc70-43b2-972f-3f7aaa81ced6","slot":0,"seq":11790,"echo":1773941651603}