{"x":990.626123496126,"y":311.2482986317356,"vx":-0.8075271229618026,"vy":-0.001409508910648972,"goals":{"home":0,"away":0},"ball":{"x":1059.0940035305885,"y":353.2678164988717,"vx":-0.028902915602886714,"vy":0.06739563382965776},"t":1773940986715,"pid":"eaaecd22-bc70-43b2-972f-3f7aaa81ced6","slot":0,"seq":1611,"echo":1773940986715}