{"x":1132.7931369236446,"y":598.9207392750584,"vx":-0.470472616167839,"vy":-4.540285504615667,"goals":{"home":0,"away":0},"ball":{"x":1181.5136144984206,"y":471.5566449257716,"vx":-0.48316472400599547,"vy":-0.9122879644996778},"t":1773941036132,"pid":"eaaecd22-bc70-43b2-972f-3f7aaa81ced6","slot":0,"seq":4576,"echo":1773941036132}