{"x":1012.8685484736435,"y":90.17475175304014,"vx":-0.37396927940626074,"vy":-0.5231824497660744,"goals":{"home":0,"away":0},"ball":{"x":1099.6100757631575,"y":100.24488225866243,"vx":-0.1447974249632465,"vy":-0.030312083869305086},"t":1773941129266,"pid":"eaaecd22-bc70-43b2-972f-3f7aaa81ced6","slot":0,"seq":10164,"echo":1773941129266}