{"x":855.451901331669,"y":330.473653821317,"vx":0.0005821163746976419,"vy":-4.547220454298756,"goals":{"home":0,"away":0},"ball":{"x":952.7253828472269,"y":150.4851743461607,"vx":0.9751602823062752,"vy":-0.03223909432319656},"t":1773941123364,"pid":"eaaecd22-bc70-43b2-972f-3f7aaa81ced6","slot":0,"seq":9810,"echo":1773941123364}