{"x":562.5148522019467,"y":406.637312918803,"vx":0.13479532543854958,"vy":0.021546133467034826,"goals":{"home":0,"away":0},"ball":{"x":1075.9539959013148,"y":13.105124714157087,"vx":-1.1766545066125301e-13,"vy":1.425506207953753e-14},"t":1773941936977,"pid":"eaaecd22-bc70-43b2-972f-3f7aaa81ced6","slot":0,"seq":14606,"echo":1773941936977}