{"x":470.7381152500976,"y":407.0464719378172,"vx":-0.034850098148333605,"vy":0.000011448255759494417,"goals":{"home":0,"away":0},"ball":{"x":1075.953995901314,"y":13.105124714158174,"vx":-2.685483994644998e-14,"vy":3.253439377670691e-15},"t":1773941939422,"pid":"eaaecd22-bc70-43b2-972f-3f7aaa81ced6","slot":0,"seq":14753,"echo":1773941939422}