{"x":970.4080639149,"y":279.030310754391,"vx":-0.00858245409134829,"vy":-2.6967631066409417,"goals":{"home":0,"away":0},"ball":{"x":1056.232614888412,"y":359.9399842421553,"vx":-2.5349561115104344e-11,"vy":5.910994455125023e-11},"t":1773941021300,"pid":"eaaecd22-bc70-43b2-972f-3f7aaa81ced6","slot":0,"seq":3686,"echo":1773941021300}