{"x":470.07644199988994,"y":407.0466892974514,"vx":-0.000025190242668619433,"vy":8.27499364525818e-9,"goals":{"home":0,"away":0},"ball":{"x":1075.953995901314,"y":13.105124714158437,"vx":-6.510060229882414e-15,"vy":7.886878620442957e-16},"t":1773941941775,"pid":"eaaecd22-bc70-43b2-972f-3f7aaa81ced6","slot":0,"seq":14894,"echo":1773941941775}