{"x":404.8801013224378,"y":259.3648723883757,"vx":4.681361161202206,"vy":1.5227272140158463,"goals":{"home":0,"away":0},"ball":{"x":1075.9539959013475,"y":13.105124714153542,"vx":-4.1328499502662134e-13,"vy":5.006910038195158e-14},"t":1773941934894,"pid":"eaaecd22-bc70-43b2-972f-3f7aaa81ced6","slot":0,"seq":14481,"echo":1773941934894}