{"x":1019.2487374193947,"y":75.26293860478629,"vx":-0.3613554732747946,"vy":0.020738254986946415,"goals":{"home":0,"away":0},"ball":{"x":1115.9489564689493,"y":8.259771702238206,"vx":-0.4039895006833009,"vy":0.04894295971636668},"t":1773941155436,"pid":"eaaecd22-bc70-43b2-972f-3f7aaa81ced6","slot":0,"seq":11734,"echo":1773941155436}