{"x":953.704268734858,"y":593.1519187473671,"vx":-5.478236888049999,"vy":-8.19630652284453,"goals":{"home":0,"away":0},"ball":{"x":1057.1425051822491,"y":357.8183078718156,"vx":-0.009190811074205664,"vy":0.02143107450699068},"t":1773940988617,"pid":"eaaecd22-bc70-43b2-972f-3f7aaa81ced6","slot":0,"seq":1725,"echo":1773940988617}