{"x":880.2074826995325,"y":366.3232433792046,"vx":-5.164355878961202,"vy":2.4198431392875825,"goals":{"home":0,"away":0},"ball":{"x":964.0979486297744,"y":116.08800768821712,"vx":-3.695583453604532,"vy":2.7815230945634895},"t":1773941141716,"pid":"eaaecd22-bc70-43b2-972f-3f7aaa81ced6","slot":0,"seq":10911,"echo":1773941141716}