{"x":930.4637943183224,"y":387.86828449264124,"vx":5.964145853539532,"vy":12.900618674745463,"goals":{"home":0,"away":0},"ball":{"x":1056.232788735956,"y":359.93957886556166,"vx":-0.0000017560611541680155,"vy":0.000004094772172983577},"t":1773941002816,"pid":"eaaecd22-bc70-43b2-972f-3f7aaa81ced6","slot":0,"seq":2577,"echo":1773941002816}