{"x":992.2505284581367,"y":628.034616153649,"vx":-1.1361631861192156,"vy":-2.424709014926914,"goals":{"home":0,"away":0},"ball":{"x":988.8260753529677,"y":511.91945924995497,"vx":-0.2184385362048594,"vy":-8.44815557472026},"t":1773941135369,"pid":"eaaecd22-bc70-43b2-972f-3f7aaa81ced6","slot":0,"seq":10530,"echo":1773941135369}