{"x":1063.4032776823242,"y":247.87980608563245,"vx":-0.32501809416246624,"vy":0.001234959290973211,"goals":{"home":0,"away":0},"ball":{"x":1087.9192296797987,"y":312.2012813176484,"vx":-0.0530458645344436,"vy":0.006040125845893131},"t":1773941072648,"pid":"eaaecd22-bc70-43b2-972f-3f7aaa81ced6","slot":0,"seq":6767,"echo":1773941072648}