{"x":1076.3418209201893,"y":292.6068042980579,"vx":0.0027379318067320664,"vy":-0.0004376102642522582,"goals":{"home":0,"away":0},"ball":{"x":1148.1253217887086,"y":352.6213259229646,"vx":0.299473629177243,"vy":0.18555652959144733},"t":1773941078481,"pid":"eaaecd22-bc70-43b2-972f-3f7aaa81ced6","slot":0,"seq":7117,"echo":1773941078481}