{"x":1167.5097483911752,"y":409.6913523418424,"vx":-0.15408315366787367,"vy":-5.742470666570719,"goals":{"home":0,"away":0},"ball":{"x":1132.5021386032752,"y":409.80226535140616,"vx":-2.0044131373740606,"vy":-7.027908265946614},"t":1773941046436,"pid":"eaaecd22-bc70-43b2-972f-3f7aaa81ced6","slot":0,"seq":5194,"echo":1773941046436}