{"x":953.354316211041,"y":587.2367502689305,"vx":-2.5781069408709287,"vy":0.06880721165343363,"goals":{"home":0,"away":0},"ball":{"x":930.8950331609137,"y":539.198768814034,"vx":0.16620192645790866,"vy":0.2726377586519764},"t":1773939999783,"pid":"80937efb-6ada-448d-b176-ece4730f0100","slot":0,"seq":3258,"echo":1773939999783}