{"x":839.8920227678335,"y":619.3554449949314,"vx":0.5123577094179959,"vy":0.4060921172774984,"goals":{"home":0,"away":0},"ball":{"x":860.8047519685349,"y":553.4901742923598,"vx":-0.1134891246966605,"vy":-0.10776381859005218},"t":1773940129974,"pid":"80937efb-6ada-448d-b176-ece4730f0100","slot":0,"seq":10450,"echo":1773940129974}