{"x":704.7268281695067,"y":424.8361077471861,"vx":-0.008710294093140121,"vy":-0.7020240434907785,"goals":{"home":0,"away":0},"ball":{"x":797.2876765820174,"y":427.7191223760449,"vx":-0.04562629904901365,"vy":0.04475271084223187},"t":1773940060066,"pid":"80937efb-6ada-448d-b176-ece4730f0100","slot":0,"seq":6345,"echo":1773940060066}