{"x":591.7246120235224,"y":412.5312672487292,"vx":0.9950890967648532,"vy":-0.28056813163411976,"goals":{"home":1,"away":0},"t":1773940313716,"pid":"cdcfe6ff-0bdb-489d-aa0a-9fa6e188527e","slot":1,"seq":918,"echo":1773940313716}