{"x":988.478174208488,"y":596.2414743691681,"vx":-0.026165198335570433,"vy":-2.9316933688036166,"goals":{"home":0,"away":0},"ball":{"x":994.3332288034084,"y":574.4200763454269,"vx":-0.7036813087825401,"vy":-5.906638022583166},"t":1773939974730,"pid":"80937efb-6ada-448d-b176-ece4730f0100","slot":0,"seq":1755,"echo":1773939974730}