{"x":1113.5663304421482,"y":187.61264950709108,"vx":-0.45575324110790594,"vy":4.349706001487449,"goals":{"home":0,"away":0},"ball":{"x":1185,"y":277.1334014559786,"vx":-0.32816231145763464,"vy":1.737561815662063},"t":1773940143028,"pid":"80937efb-6ada-448d-b176-ece4730f0100","slot":0,"seq":11233,"echo":1773940143028}