{"x":716.2382811610206,"y":447.6668229748677,"vx":-0.008935043452196336,"vy":-0.041440216718795386,"goals":{"home":0,"away":0},"ball":{"x":824.2321583211605,"y":481.9601032402761,"vx":-0.5206101105099097,"vy":-0.27313986211272717},"t":1773939966765,"pid":"80937efb-6ada-448d-b176-ece4730f0100","slot":0,"seq":1277,"echo":1773939966765}