{"x":1137.0068701174362,"y":410.54823540026337,"vx":1.2175701596299606,"vy":-0.4607238589536657,"goals":{"home":0,"away":0},"ball":{"x":1155.7249622222662,"y":476.64078976125245,"vx":1.765706760411894,"vy":1.048924853140484},"t":1773940040881,"pid":"80937efb-6ada-448d-b176-ece4730f0100","slot":0,"seq":5194,"echo":1773940040881}