{"x":1065.547258148443,"y":548.3859131951667,"vx":0.20962530788942715,"vy":0.05575161115898236,"goals":{"home":0,"away":0},"ball":{"x":1026.515933236998,"y":501.80522782720675,"vx":0.7950683809484966,"vy":0.252297292718659},"t":1773940062768,"pid":"80937efb-6ada-448d-b176-ece4730f0100","slot":0,"seq":6507,"echo":1773940062768}