{"x":1137.2917869980029,"y":688.8005503813428,"vx":-0.09775416571397814,"vy":-3.408614474034287,"goals":{"home":0,"away":0},"ball":{"x":1148.5049185556559,"y":672.462144210154,"vx":-0.0448589914745863,"vy":0.05727789067614356},"t":1773940088875,"pid":"80937efb-6ada-448d-b176-ece4730f0100","slot":0,"seq":7984,"echo":1773940088875}