{"x":822.5676544764011,"y":264.54840837442094,"vx":-0.04522125255463174,"vy":0.1931860226965283,"goals":{"home":0,"away":0},"ball":{"x":929.6323888132681,"y":318.16500307021914,"vx":-0.045413886001655905,"vy":0.6490055537180413},"t":1773939979230,"pid":"80937efb-6ada-448d-b176-ece4730f0100","slot":0,"seq":2025,"echo":1773939979230}