{"x":441.8227601681564,"y":370.94540771423254,"vx":5.475846141945723e-76,"vy":-4.9510298488874084e-76,"goals":{"home":1,"away":0},"ball":{"x":595.2018977193093,"y":387.90433231283464,"vx":0,"vy":0},"t":1773940312077,"pid":"80937efb-6ada-448d-b176-ece4730f0100","slot":0,"seq":15403,"echo":1773940312077}