{"x":1029.0121795503508,"y":477.18548903405764,"vx":0.6787998302863654,"vy":0.35540722913978856,"goals":{"home":0,"away":0},"ball":{"x":1136.802228547645,"y":486.4962371727825,"vx":1.5916883438797609,"vy":0.7075536128333546},"t":1773940135828,"pid":"80937efb-6ada-448d-b176-ece4730f0100","slot":0,"seq":10801,"echo":1773940135828}