{"x":1061.1702963588955,"y":509.0082643623451,"vx":-0.01677415349247465,"vy":-0.48785609794639934,"goals":{"home":0,"away":0},"ball":{"x":1177.2529701601868,"y":406.03994520403194,"vx":-0.14900119417832988,"vy":-1.0701024704651774},"t":1773940090979,"pid":"80937efb-6ada-448d-b176-ece4730f0100","slot":0,"seq":8110,"echo":1773940090979}