{"x":754.5168589502151,"y":450.86793332325675,"vx":-0.03912489566158429,"vy":-0.46382846152611795,"goals":{"home":0,"away":0},"ball":{"x":824.1196901232855,"y":458.6190424606218,"vx":-0.6893178175960658,"vy":0.22763141519615734},"t":1773940107477,"pid":"80937efb-6ada-448d-b176-ece4730f0100","slot":0,"seq":9100,"echo":1773940107477}