{"x":946.4644770064546,"y":275.5709815268186,"vx":0.9390803186576641,"vy":0.5685184411807641,"goals":{"home":0,"away":0},"ball":{"x":905.6029933938737,"y":345.2434261001565,"vx":0.28591981059515065,"vy":-1.2596158816302672},"t":1773940131926,"pid":"80937efb-6ada-448d-b176-ece4730f0100","slot":0,"seq":10567,"echo":1773940131926}