{"x":1162.9902769523148,"y":411.9680901069712,"vx":-0.0002809199367702122,"vy":-0.0002380027532640565,"goals":{"home":1,"away":0},"ball":{"x":592.5,"y":392.5,"vx":0,"vy":0},"t":1773940152180,"pid":"80937efb-6ada-448d-b176-ece4730f0100","slot":0,"seq":11572,"echo":1773940152180}