{"x":1126.3239357370262,"y":432.06375231585207,"vx":-5.8107035662827515,"vy":0.06710048415310026,"goals":{"home":0,"away":0},"ball":{"x":1116.2210577962371,"y":342.5786098119957,"vx":0.19419247321879665,"vy":-2.149625166416494},"t":1773940033071,"pid":"80937efb-6ada-448d-b176-ece4730f0100","slot":0,"seq":4725,"echo":1773940033071}