{"x":900.7727544018056,"y":588.517579009585,"vx":0.18934368066777407,"vy":0.0013951726715974568,"goals":{"home":0,"away":0},"ball":{"x":939.6834259292873,"y":553.6152545767872,"vx":0.07743028233292354,"vy":0.1270166903413378},"t":1773940001046,"pid":"80937efb-6ada-448d-b176-ece4730f0100","slot":0,"seq":3334,"echo":1773940001046}