{"x":1148.9512642693599,"y":244.45581369922857,"vx":2.0193962358811732,"vy":-0.4822925560089252,"goals":{"home":0,"away":0},"ball":{"x":1172.301243732616,"y":288.4228597813771,"vx":0.028379991318536413,"vy":-0.01969378361232255},"t":1773940096374,"pid":"80937efb-6ada-448d-b176-ece4730f0100","slot":0,"seq":8434,"echo":1773940096374}