{"x":1057.9245029217607,"y":451.4836687010853,"vx":0.03736925471182574,"vy":3.390921097557624,"goals":{"home":0,"away":0},"ball":{"x":1180.3426093550645,"y":460.10763114652235,"vx":-1.1468537793736948,"vy":-0.7333620796403559},"t":1773940030966,"pid":"80937efb-6ada-448d-b176-ece4730f0100","slot":0,"seq":4599,"echo":1773940030966}