{"x":1070.6607153446723,"y":483.0775136804826,"vx":0.32969522061510165,"vy":-4.080648940767667,"goals":{"home":0,"away":0},"ball":{"x":1108.8658911882396,"y":434.4231060928082,"vx":-0.21594312592919823,"vy":0.6984118066215067},"t":1773940040131,"pid":"80937efb-6ada-448d-b176-ece4730f0100","slot":0,"seq":5149,"echo":1773940040131}