{"x":1136.7945372578356,"y":250.68356930445373,"vx":4.753002641300181,"vy":-0.6418195159521084,"goals":{"home":0,"away":0},"ball":{"x":1167.4841070347518,"y":335.8815506904072,"vx":-0.05032580907292275,"vy":-0.3614318188124015},"t":1773940092778,"pid":"80937efb-6ada-448d-b176-ece4730f0100","slot":0,"seq":8218,"echo":1773940092778}