{"x":1055.5018012175228,"y":107.9177388972912,"vx":7.184544150868044,"vy":-4.640349973099525,"goals":{"home":0,"away":0},"ball":{"x":1124.2731564572775,"y":253.4454233535305,"vx":0.11285814330929504,"vy":-1.249289949664318},"t":1773940033966,"pid":"80937efb-6ada-448d-b176-ece4730f0100","slot":0,"seq":4779,"echo":1773940033966}