{"x":1054.3518402111945,"y":529.8296211379015,"vx":0.567834891537434,"vy":-0.7211529746394985,"goals":{"home":0,"away":0},"ball":{"x":1079.7169591087466,"y":572.871800090841,"vx":-0.10355215996974661,"vy":0.07689444577090222},"t":1773940045221,"pid":"80937efb-6ada-448d-b176-ece4730f0100","slot":0,"seq":5454,"echo":1773940045221}