{"x":934.440327886719,"y":511.16678884191543,"vx":3.9410527355729177,"vy":0.7531984550475447,"goals":{"home":0,"away":0},"ball":{"x":956.2448941651407,"y":432.1021109752991,"vx":0.18790671274949006,"vy":0.33736646993403524},"t":1773939984931,"pid":"80937efb-6ada-448d-b176-ece4730f0100","slot":0,"seq":2367,"echo":1773939984931}