{"x":539.2844138364386,"y":341.5960215194692,"vx":-0.12956071938324637,"vy":1.5447045365664984,"goals":{"home":1,"away":0},"ball":{"x":583.1460418821598,"y":355.83346776356734,"vx":0,"vy":0},"t":1773940338476,"pid":"80937efb-6ada-448d-b176-ece4730f0100","slot":0,"seq":16987,"echo":1773940338476}