{"x":1160.399546053967,"y":71.10312776183986,"vx":0.8293406740594924,"vy":0.48178609334278316,"goals":{"home":0,"away":0},"ball":{"x":1156.0198470683265,"y":153.16344448951878,"vx":0.7058269014814034,"vy":2.9897836032020626},"t":1773940142126,"pid":"80937efb-6ada-448d-b176-ece4730f0100","slot":0,"seq":11179,"echo":1773940142126}