{"x":1092.894318078053,"y":473.2648045977344,"vx":-2.267768383074983,"vy":-6.325540621891503,"goals":{"home":0,"away":0},"ball":{"x":1178.2229704589931,"y":553.5353713500496,"vx":-0.021904643976966905,"vy":0.35760298561119525},"t":1773940100575,"pid":"80937efb-6ada-448d-b176-ece4730f0100","slot":0,"seq":8686,"echo":1773940100575}