{"x":831.2418231516735,"y":268.2045256803367,"vx":0.7482435540099815,"vy":0.000758796069377505,"goals":{"home":0,"away":0},"ball":{"x":926.6549493451436,"y":360.7153091726715,"vx":-0.015338739858980328,"vy":0.21920448197609715},"t":1773939981029,"pid":"80937efb-6ada-448d-b176-ece4730f0100","slot":0,"seq":2133,"echo":1773939981029}