{"x":753.4812582079348,"y":466.1718472005025,"vx":1.4377195997501626,"vy":0.1301134211326324,"goals":{"home":0,"away":0},"ball":{"x":805.7263331478398,"y":464.46392118633383,"vx":3.797244265676075,"vy":-0.42750933116068274},"t":1773940114525,"pid":"80937efb-6ada-448d-b176-ece4730f0100","slot":0,"seq":9523,"echo":1773940114525}