{"x":1024.3704132799026,"y":329.71003407006407,"vx":1.4193475026310367,"vy":0.10200033929860444,"goals":{"home":0,"away":0},"ball":{"x":1160.0231884858604,"y":273.96497833392164,"vx":-6.150386099315875,"vy":-1.5761884688784764},"t":1773940068316,"pid":"80937efb-6ada-448d-b176-ece4730f0100","slot":0,"seq":6840,"echo":1773940068316}