{"x":1092.6921915744358,"y":181.38740579227675,"vx":4.194674436809373,"vy":-3.3821573584554874,"goals":{"home":0,"away":0},"ball":{"x":1160.0116875032998,"y":156.2524597364822,"vx":0.31943553829426363,"vy":-1.8143499262777405},"t":1773940021231,"pid":"80937efb-6ada-448d-b176-ece4730f0100","slot":0,"seq":4015,"echo":1773940021231}