{"x":441.8227601681564,"y":370.94540771423254,"vx":9.073353094913614e-50,"vy":-8.203744378115419e-50,"goals":{"home":1,"away":0},"ball":{"x":592.5,"y":392.5,"vx":0,"vy":0},"t":1773940196417,"pid":"80937efb-6ada-448d-b176-ece4730f0100","slot":0,"seq":14226,"echo":1773940196417}