{"x":441.8227601681564,"y":370.94540771423254,"vx":9.49008075532253e-42,"vy":-8.580532007288724e-42,"goals":{"home":1,"away":0},"ball":{"x":592.5,"y":392.5,"vx":0,"vy":0},"t":1773940190418,"pid":"80937efb-6ada-448d-b176-ece4730f0100","slot":0,"seq":13866,"echo":1773940190418}