{"x":815.3054536669769,"y":490.1280287936957,"vx":1.7488456210593115,"vy":0.0010993596471530543,"goals":{"home":0,"away":0},"ball":{"x":766.3088519401731,"y":473.615484017885,"vx":-0.0550401533546213,"vy":-0.04837411138800551},"t":1773940110928,"pid":"80937efb-6ada-448d-b176-ece4730f0100","slot":0,"seq":9307,"echo":1773940110928}