{"x":441.7336102143931,"y":371.0260133541039,"vx":0.00469210282968331,"vy":-0.004242402098528743,"goals":{"home":1,"away":0},"ball":{"x":592.5,"y":392.5,"vx":0,"vy":0},"t":1773940161463,"pid":"80937efb-6ada-448d-b176-ece4730f0100","slot":0,"seq":12129,"echo":1773940161463}