{"x":907.4393272164336,"y":390.61191618341803,"vx":-3.725180905042282,"vy":-2.996887196788048,"goals":{"home":1,"away":0},"t":1773940324059,"pid":"cdcfe6ff-0bdb-489d-aa0a-9fa6e188527e","slot":1,"seq":1538,"echo":1773940324059}