{"x":890.4230387692656,"y":449.39283022034755,"vx":-1.3069370893880399,"vy":0.07702928753935197,"goals":{"home":1,"away":0},"t":1773940319270,"pid":"cdcfe6ff-0bdb-489d-aa0a-9fa6e188527e","slot":1,"seq":1251,"echo":1773940319270}