{"x":504.75825932086735,"y":444.7625311141469,"vx":5.858541986250128,"vy":4.08554065018842,"goals":{"home":1,"away":0},"t":1773940331411,"pid":"cdcfe6ff-0bdb-489d-aa0a-9fa6e188527e","slot":1,"seq":1980,"echo":1773940331411}