{"x":902.471324380507,"y":374.8295053020773,"vx":11.46459111530497,"vy":0.20354537249762428,"goals":{"home":0,"away":0},"ball":{"x":1049.4572300780756,"y":394.7331484533453,"vx":-0.007477625580640911,"vy":0.18170314790686462},"t":1773939960018,"pid":"80937efb-6ada-448d-b176-ece4730f0100","slot":0,"seq":872,"echo":1773939960018}