{"x":1018.2973466060572,"y":444.8497467109691,"vx":0.000030736691075462425,"vy":0.002329236371228632,"goals":{"home":0,"away":0},"ball":{"x":1177.57087345548,"y":422.60013797923244,"vx":0.04123880802315804,"vy":-0.004642834119259698},"t":1773940122024,"pid":"80937efb-6ada-448d-b176-ece4730f0100","slot":0,"seq":9973,"echo":1773940122024}