{"x":865.576804777408,"y":387.9913611341824,"vx":-3.1914179799062427e-16,"vy":4.854978633867146e-16,"goals":{"home":1,"away":0},"t":1773940365462,"pid":"cdcfe6ff-0bdb-489d-aa0a-9fa6e188527e","slot":1,"seq":4023,"echo":1773940365462}