{"x":1169.6492469736759,"y":417.6097445128787,"vx":-0.35075302632421657,"vy":-0.2971671820115386,"goals":{"home":1,"away":0},"ball":{"x":1193.263787832836,"y":357.31392999947514,"vx":1.3604557664701444,"vy":-2.4214363415109443},"t":1773940146362,"pid":"80937efb-6ada-448d-b176-ece4730f0100","slot":0,"seq":11433,"echo":1773940146362}