{"x":539.3304408067856,"y":400,"vx":2.4036610101691793,"vy":0,"goals":{"home":0,"away":0},"ball":{"x":600,"y":400,"vx":0,"vy":0},"t":1773939948462,"pid":"80937efb-6ada-448d-b176-ece4730f0100","slot":0,"seq":179,"echo":1773939948462}