{"x":1101.4312497515964,"y":487.6093703020934,"vx":-0.13491137644033366,"vy":-0.6698405314967159,"goals":{"home":0,"away":0},"ball":{"x":1165.8681593761178,"y":455.0614235803895,"vx":-1.507674993962433,"vy":-2.0669870031350324},"t":1773940138376,"pid":"80937efb-6ada-448d-b176-ece4730f0100","slot":0,"seq":10954,"echo":1773940138376}