{"x":731.1878649714301,"y":272.9420787187003,"vx":0.0026990488820363813,"vy":0.0015965226756451379,"goals":{"home":0,"away":0},"ball":{"x":774.6807534538636,"y":316.2040638569811,"vx":0.12840008873835396,"vy":0.2423969356605869},"t":1773940073870,"pid":"80937efb-6ada-448d-b176-ece4730f0100","slot":0,"seq":7173,"echo":1773940073870}