{"x":1162.7529237330555,"y":251.3521653102995,"vx":-0.21314499811500084,"vy":5.204843705276507,"goals":{"home":0,"away":0},"ball":{"x":1150.4839937506545,"y":316.2935866543957,"vx":0.7665900474643546,"vy":-0.9250136541267995},"t":1773940049415,"pid":"80937efb-6ada-448d-b176-ece4730f0100","slot":0,"seq":5706,"echo":1773940049415}