{"x":1144.781963138487,"y":660.3097472339858,"vx":4.248960558501787,"vy":-0.5088070081898809,"goals":{"home":0,"away":0},"ball":{"x":1176.8561915172359,"y":575.8486411186014,"vx":-0.008098796080450232,"vy":0.13221642229248762},"t":1773940102228,"pid":"80937efb-6ada-448d-b176-ece4730f0100","slot":0,"seq":8785,"echo":1773940102228}