{"x":441.8224100049641,"y":370.9457243170682,"vx":0.000018429641723467963,"vy":-0.000016663307169687594,"goals":{"home":1,"away":0},"ball":{"x":592.5,"y":392.5,"vx":0,"vy":0},"t":1773940163269,"pid":"80937efb-6ada-448d-b176-ece4730f0100","slot":0,"seq":12237,"echo":1773940163269}