{"x":865.5768047813593,"y":387.9913611281699,"vx":-2.0802843748094072e-10,"vy":3.1646547884536425e-10,"goals":{"home":1,"away":0},"t":1773940361116,"pid":"cdcfe6ff-0bdb-489d-aa0a-9fa6e188527e","slot":1,"seq":3762,"echo":1773940361116}