{"x":1091.265878300908,"y":131.89823213858955,"vx":1.0306375680914694,"vy":-0.13510830241773042,"goals":{"home":0,"away":0},"ball":{"x":1108.243070928498,"y":245.21475087647093,"vx":-0.10213051511769669,"vy":-0.0686097583635382},"t":1773939992880,"pid":"80937efb-6ada-448d-b176-ece4730f0100","slot":0,"seq":2844,"echo":1773939992880}