{"x":891.6364322985642,"y":351.9292437667639,"vx":2.6756932038611962,"vy":-5.407811511553687,"goals":{"home":1,"away":0},"t":1773940303507,"pid":"cdcfe6ff-0bdb-489d-aa0a-9fa6e188527e","slot":1,"seq":305,"echo":1773940303507}