{"x":610.7406434472495,"y":375.80362718884993,"vx":4.629085251072435e-14,"vy":1.8226921925849196e-14,"goals":{"home":1,"away":0},"ball":{"x":1021.028508719667,"y":255.2911329962027,"vx":0.0013812195325670618,"vy":0.004138538983680666},"t":1773940348975,"pid":"80937efb-6ada-448d-b176-ece4730f0100","slot":0,"seq":17617,"echo":1773940348975}