{"x":663.0370517958042,"y":194.1380196394833,"vx":-0.1299906957635389,"vy":4.152175912749195,"goals":{"home":0,"away":0},"ball":{"x":738.1228973645987,"y":229.49500270543695,"vx":0.37663291736656873,"vy":1.1063220162235148},"t":1773940071315,"pid":"80937efb-6ada-448d-b176-ece4730f0100","slot":0,"seq":7020,"echo":1773940071315}