{"x":1083.1771280459475,"y":428.4434520042516,"vx":-0.08846010079696597,"vy":-0.38418156853838803,"goals":{"home":0,"away":0},"ball":{"x":1180.1440417045692,"y":422.31044014570745,"vx":0.015247209547508862,"vy":-0.0017165933765816747},"t":1773940123676,"pid":"80937efb-6ada-448d-b176-ece4730f0100","slot":0,"seq":10072,"echo":1773940123676}