{"x":723.2579812753559,"y":268.33228544832565,"vx":0.4504867000495223,"vy":0.24721455438906972,"goals":{"home":0,"away":0},"ball":{"x":753.9564999214409,"y":276.00464723477796,"vx":0.2166975380045233,"vy":0.6365276270382522},"t":1773940072231,"pid":"80937efb-6ada-448d-b176-ece4730f0100","slot":0,"seq":7075,"echo":1773940072231}