{"x":702.2280518710489,"y":474.0790876892277,"vx":0.20028782084499883,"vy":-2.9042195295913737,"goals":{"home":0,"away":0},"ball":{"x":762.700292106211,"y":470.4439653225488,"vx":-0.01859005402167382,"vy":-0.016338569010872547},"t":1773940112727,"pid":"80937efb-6ada-448d-b176-ece4730f0100","slot":0,"seq":9415,"echo":1773940112727}