{"x":731.2383825366105,"y":272.9719605184953,"vx":0.00004022966200018057,"vy":0.00002379637065645484,"goals":{"home":0,"away":0},"ball":{"x":781.8168281496567,"y":329.6757261891628,"vx":0.05631852615458767,"vy":0.1063195383658243},"t":1773940075231,"pid":"80937efb-6ada-448d-b176-ece4730f0100","slot":0,"seq":7255,"echo":1773940075231}