{"x":304.0684335922966,"y":455.14460273790434,"vx":0.6523732083115367,"vy":0.5181303155707798,"goals":{"home":1,"away":0},"t":1773940321818,"pid":"cdcfe6ff-0bdb-489d-aa0a-9fa6e188527e","slot":1,"seq":1404,"echo":1773940321818}