{"x":922.0412568309898,"y":450.1911335038727,"vx":3.501790229994108,"vy":-0.5932457580496573,"goals":{"home":0,"away":0},"ball":{"x":957.1119846968686,"y":470.15965768985546,"vx":5.748146296405511,"vy":1.519645235965414},"t":1773939971883,"pid":"80937efb-6ada-448d-b176-ece4730f0100","slot":0,"seq":1584,"echo":1773939971883}