{"x":1097.0204369168496,"y":236.69802520324305,"vx":0.49196062600995527,"vy":0.1025679956797555,"goals":{"home":1,"away":0},"t":1773940346559,"pid":"cdcfe6ff-0bdb-489d-aa0a-9fa6e188527e","slot":1,"seq":2888,"echo":1773940346559}