{"x":1047.3054724592223,"y":497.6252603609755,"vx":0.5962655948454054,"vy":-2.7875837266471253,"goals":{"home":0,"away":0},"ball":{"x":1088.8016063453608,"y":512.4308720432538,"vx":2.466706935211465,"vy":-1.2618796644558263},"t":1773940030070,"pid":"80937efb-6ada-448d-b176-ece4730f0100","slot":0,"seq":4545,"echo":1773940030070}