{"x":882.5805428631019,"y":468.6433936471359,"vx":2.143020407372961,"vy":0.00003202920454173804,"goals":{"home":0,"away":0},"ball":{"x":1107.862199673315,"y":430.44822633480385,"vx":0.7453668260248083,"vy":-0.08391645387250131},"t":1773940117226,"pid":"80937efb-6ada-448d-b176-ece4730f0100","slot":0,"seq":9685,"echo":1773940117226}