{"x":1109.6207386618134,"y":188.27487711733608,"vx":0.06459228593857132,"vy":1.8976998565956062,"goals":{"home":0,"away":0},"ball":{"x":1104.0082776309018,"y":242.36987983540365,"vx":-0.05935482524298716,"vy":-0.03987368724164746},"t":1773939993783,"pid":"80937efb-6ada-448d-b176-ece4730f0100","slot":0,"seq":2898,"echo":1773939993783}