{"x":753.7737762803536,"y":490.02584805572667,"vx":-0.000015281458331800767,"vy":-0.024771342182426187,"goals":{"home":0,"away":0},"ball":{"x":770.5407879309163,"y":476.31224727757956,"vx":-0.14811678534991476,"vy":0.04891217462082758},"t":1773940110025,"pid":"80937efb-6ada-448d-b176-ece4730f0100","slot":0,"seq":9253,"echo":1773940110025}