{"x":400.1664905917121,"y":391.26329392841853,"vx":0.1483394148318115,"vy":-0.16051188809258096,"goals":{"home":1,"away":0},"ball":{"x":592.5,"y":392.5,"vx":0,"vy":0},"t":1773940155013,"pid":"80937efb-6ada-448d-b176-ece4730f0100","slot":0,"seq":11742,"echo":1773940155013}