{"x":441.8227601681564,"y":370.94540771423254,"vx":5.384407877978479e-79,"vy":-4.868355215141877e-79,"goals":{"home":1,"away":0},"ball":{"x":585.0979357500565,"y":389.5995919911676,"vx":0,"vy":0},"t":1773940314326,"pid":"80937efb-6ada-448d-b176-ece4730f0100","slot":0,"seq":15538,"echo":1773940314326}