{"x":1155.9336923967155,"y":194.32146890466106,"vx":0.12706840515423765,"vy":-3.420541816421498,"goals":{"home":0,"away":0},"ball":{"x":1117.176820176524,"y":251.21631051299252,"vx":-0.19237040651190113,"vy":-0.12923157287385675},"t":1773939991832,"pid":"80937efb-6ada-448d-b176-ece4730f0100","slot":0,"seq":2781,"echo":1773939991832}