{"x":1001.3267140860673,"y":500.3722465948849,"vx":-0.05032935024676384,"vy":-1.1759360910774839,"goals":{"home":0,"away":0},"ball":{"x":1020.3805883217689,"y":447.9591895890418,"vx":0.4186271439097135,"vy":-4.15656840375304},"t":1773940051665,"pid":"80937efb-6ada-448d-b176-ece4730f0100","slot":0,"seq":5841,"echo":1773940051665}