{"x":925.4721371660745,"y":541.2802847553769,"vx":-0.08020120309629943,"vy":-1.6165792179178402,"goals":{"home":0,"away":0},"ball":{"x":973.0392159006078,"y":457.40679966645075,"vx":0.617827058042338,"vy":-2.4805687787415263},"t":1773940013871,"pid":"80937efb-6ada-448d-b176-ece4730f0100","slot":0,"seq":3573,"echo":1773940013871}