{"x":441.8227601681564,"y":370.94540771423254,"vx":3.8551905723755656e-38,"vy":-3.485701223555292e-38,"goals":{"home":1,"away":0},"ball":{"x":592.5,"y":392.5,"vx":0,"vy":0},"t":1773940187717,"pid":"80937efb-6ada-448d-b176-ece4730f0100","slot":0,"seq":13704,"echo":1773940187717}