{"x":906.6538103942844,"y":280.5613863449092,"vx":-0.38594269810284343,"vy":-0.1145841707627758,"goals":{"home":0,"away":0},"ball":{"x":893.6814188679044,"y":323.3377443448053,"vx":-0.9087634479888582,"vy":0.6388463480697907},"t":1773940132828,"pid":"80937efb-6ada-448d-b176-ece4730f0100","slot":0,"seq":10621,"echo":1773940132828}