{"x":1053.2795807808443,"y":53.02370105090344,"vx":-1.482313036244486,"vy":0.011771937365578983,"goals":{"home":0,"away":0},"ball":{"x":1065.950563417091,"y":174.34955940878737,"vx":-0.13570637615693792,"vy":0.9288578536849934},"t":1773939953878,"pid":"80937efb-6ada-448d-b176-ece4730f0100","slot":0,"seq":504,"echo":1773939953878}