{"x":862.231091139364,"y":406.2178512672875,"vx":0.015548916548851498,"vy":-0.9930434639136115,"goals":{"home":0,"away":0},"ball":{"x":961.739762631225,"y":407.83624807625984,"vx":0.5974585355050871,"vy":0.2365382656856798},"t":1773940081975,"pid":"80937efb-6ada-448d-b176-ece4730f0100","slot":0,"seq":7570,"echo":1773940081975}