{"x":857.8126348504982,"y":410.6679891464459,"vx":0.24809924754181825,"vy":1.272738752972787,"goals":{"home":0,"away":0},"ball":{"x":919.1128423869008,"y":390.9599341784424,"vx":1.028033487467957,"vy":0.40700608283535206},"t":1773940081078,"pid":"80937efb-6ada-448d-b176-ece4730f0100","slot":0,"seq":7516,"echo":1773940081078}