{"x":865.576804777408,"y":387.9913611341824,"vx":-5.035394229306359e-17,"vy":7.66014716665176e-17,"goals":{"home":1,"away":0},"t":1773940366062,"pid":"cdcfe6ff-0bdb-489d-aa0a-9fa6e188527e","slot":1,"seq":4059,"echo":1773940366062}