{"x":865.576804777408,"y":387.9913611341824,"vx":-3.209382272936505e-15,"vy":4.882307006203071e-15,"goals":{"home":1,"away":0},"t":1773940364713,"pid":"cdcfe6ff-0bdb-489d-aa0a-9fa6e188527e","slot":1,"seq":3978,"echo":1773940364713}