{"x":865.5768048024579,"y":387.9913610960736,"vx":-1.3184780882587041e-9,"vy":2.005748851457576e-9,"goals":{"home":1,"away":0},"t":1773940360517,"pid":"cdcfe6ff-0bdb-489d-aa0a-9fa6e188527e","slot":1,"seq":3726,"echo":1773940360517}