{"x":441.8227601681564,"y":370.94540771423254,"vx":8.965112656806542e-43,"vy":-8.105877924962227e-43,"goals":{"home":1,"away":0},"ball":{"x":592.5,"y":392.5,"vx":0,"vy":0},"t":1773940191182,"pid":"80937efb-6ada-448d-b176-ece4730f0100","slot":0,"seq":13912,"echo":1773940191182}