{"x":861.9789810198012,"y":387.42712953215545,"vx":-0.22304865659906256,"vy":-1.0136964824662387,"goals":{"home":1,"away":0},"t":1773940320013,"pid":"cdcfe6ff-0bdb-489d-aa0a-9fa6e188527e","slot":1,"seq":1296,"echo":1773940320013}