{"x":1141.0716905250204,"y":641.9728932765023,"vx":-0.7281863015795829,"vy":7.222849855325764,"goals":{"home":0,"away":0},"ball":{"x":1177.9785401064055,"y":618.5682686171182,"vx":0.5890117828288065,"vy":0.6016604724239843},"t":1773940084973,"pid":"80937efb-6ada-448d-b176-ece4730f0100","slot":0,"seq":7750,"echo":1773940084973}