{"x":1051.2393010715552,"y":613.7931182363259,"vx":4.5216086946957565,"vy":2.455995910071892,"goals":{"home":0,"away":0},"ball":{"x":1126.4554124117951,"y":565.9387113600092,"vx":1.1094474161077015,"vy":1.1332721618897341},"t":1773940083925,"pid":"80937efb-6ada-448d-b176-ece4730f0100","slot":0,"seq":7687,"echo":1773940083925}