{"x":833.572488265599,"y":320.51756755718304,"vx":-0.856640756818133,"vy":-7.80582454354273,"goals":{"home":1,"away":0},"t":1773940344460,"pid":"cdcfe6ff-0bdb-489d-aa0a-9fa6e188527e","slot":1,"seq":2763,"echo":1773940344460}