{"x":427.5178808366086,"y":383.87927815531447,"vx":0.7528883858709646,"vy":-0.6807300232148749,"goals":{"home":1,"away":0},"ball":{"x":592.5,"y":392.5,"vx":0,"vy":0},"t":1773940159818,"pid":"80937efb-6ada-448d-b176-ece4730f0100","slot":0,"seq":12030,"echo":1773940159818}