{"x":441.8227601681564,"y":370.94540771423254,"vx":1.1337654376527459e-55,"vy":-1.0251030394110161e-55,"goals":{"home":1,"away":0},"ball":{"x":592.5,"y":392.5,"vx":0,"vy":0},"t":1773940200834,"pid":"80937efb-6ada-448d-b176-ece4730f0100","slot":0,"seq":14491,"echo":1773940200834}