{"x":1093.5042831550525,"y":634.7469132972158,"vx":-1.1150404115591226,"vy":0.11223923999970012,"goals":{"home":0,"away":0},"ball":{"x":1057.245767984698,"y":604.2114847041332,"vx":-2.874282935394136,"vy":-1.5080023011415864},"t":1773939963933,"pid":"80937efb-6ada-448d-b176-ece4730f0100","slot":0,"seq":1107,"echo":1773939963933}