{"x":1038.7090698054733,"y":666.4545361707766,"vx":-3.0917417851176956,"vy":0.9343423345744863,"goals":{"home":0,"away":0},"ball":{"x":1157.2126046462124,"y":661.3437959026662,"vx":-0.13281541663172475,"vy":0.1695844392366282},"t":1773940087078,"pid":"80937efb-6ada-448d-b176-ece4730f0100","slot":0,"seq":7876,"echo":1773940087078}