{"x":744.301717699482,"y":559.3413282712131,"vx":8.334779288088736,"vy":0.048306913624975835,"goals":{"home":0,"away":0},"ball":{"x":959.3049924976826,"y":679.6254546270764,"vx":1.6157295495897628,"vy":-2.288594600498597},"t":1773940027967,"pid":"80937efb-6ada-448d-b176-ece4730f0100","slot":0,"seq":4419,"echo":1773940027967}