{"x":441.8227601681564,"y":370.94540771423254,"vx":3.529512567432444e-72,"vy":-3.191236864659607e-72,"goals":{"home":1,"away":0},"ball":{"x":592.5,"y":392.5,"vx":0,"vy":0},"t":1773940309223,"pid":"80937efb-6ada-448d-b176-ece4730f0100","slot":0,"seq":15232,"echo":1773940309223}