{"x":856.0616011800861,"y":576.6986832903759,"vx":10.014646722993303,"vy":16.293169865810302,"goals":{"home":0,"away":0},"ball":{"x":1179.463101725776,"y":533.2896808007073,"vx":-0.03443122242931481,"vy":0.5621049103520306},"t":1773940099826,"pid":"80937efb-6ada-448d-b176-ece4730f0100","slot":0,"seq":8641,"echo":1773940099826}