{"x":1104.113862366642,"y":161.13465624539475,"vx":0.2374084940573174,"vy":0.01599441542594601,"goals":{"home":0,"away":0},"ball":{"x":1135.5078121876732,"y":172.54229576963493,"vx":0.6505164909396571,"vy":-0.2617708516575907},"t":1773940035771,"pid":"80937efb-6ada-448d-b176-ece4730f0100","slot":0,"seq":4887,"echo":1773940035771}