{"x":933.1840048909435,"y":631.9255485503867,"vx":1.9450893820769313,"vy":9.137838606829291,"goals":{"home":0,"away":0},"ball":{"x":1151.5588525783576,"y":519.5243606642582,"vx":-0.8292278515819672,"vy":0.6157574702818381},"t":1773940041770,"pid":"80937efb-6ada-448d-b176-ece4730f0100","slot":0,"seq":5247,"echo":1773940041770}