{"x":1162.213505785147,"y":276.2496334854048,"vx":-0.08803271661975388,"vy":0.8302586500683523,"goals":{"home":0,"away":0},"ball":{"x":1176.4407291329683,"y":329.9571284336501,"vx":0.2002984928925349,"vy":2.6159690756758454},"t":1773940097277,"pid":"80937efb-6ada-448d-b176-ece4730f0100","slot":0,"seq":8488,"echo":1773940097277}