{"x":441.8227601681564,"y":370.94540771423254,"vx":1.6004286076030314e-21,"vy":-1.4470402567666641e-21,"goals":{"home":1,"away":0},"ball":{"x":592.5,"y":392.5,"vx":0,"vy":0},"t":1773940175281,"pid":"80937efb-6ada-448d-b176-ece4730f0100","slot":0,"seq":12958,"echo":1773940175281}