{"x":996.1615981837551,"y":767.9938857309876,"vx":1.1304792087710807,"vy":-2.0061142690124423,"goals":{"home":0,"away":0},"ball":{"x":1088.7750651037586,"y":566.1455469598196,"vx":-0.19504818012137737,"vy":0.14483639658929584},"t":1773940044166,"pid":"80937efb-6ada-448d-b176-ece4730f0100","slot":0,"seq":5391,"echo":1773940044166}