{"x":946.2922347022593,"y":655.1237492718058,"vx":-0.08765344502547841,"vy":-0.2264502130843332,"goals":{"home":0,"away":0},"ball":{"x":948.058256074018,"y":636.3419084378284,"vx":-0.9948376510146774,"vy":-0.9446500220796406},"t":1773940126377,"pid":"80937efb-6ada-448d-b176-ece4730f0100","slot":0,"seq":10234,"echo":1773940126377}