{"x":599.1445358046466,"y":311.539229034849,"vx":-3.2800934545521163,"vy":-0.6233590168745385,"goals":{"home":1,"away":0},"ball":{"x":583.1460418821598,"y":355.83346776356734,"vx":0,"vy":0},"t":1773940337427,"pid":"80937efb-6ada-448d-b176-ece4730f0100","slot":0,"seq":16924,"echo":1773940337427}