{"x":1060.87156161978,"y":395.37907574434166,"vx":-0.0010512724863792737,"vy":-0.7573724864725343,"goals":{"home":0,"away":0},"ball":{"x":1171.0747064188067,"y":361.66865456239793,"vx":-0.08659448971993612,"vy":-0.621907615499178},"t":1773940091875,"pid":"80937efb-6ada-448d-b176-ece4730f0100","slot":0,"seq":8164,"echo":1773940091875}