{"x":756.3246005068454,"y":569.9519280507296,"vx":0.0013645075090487483,"vy":0.0005334597328704008,"goals":{"home":1,"away":0},"t":1773940340563,"pid":"cdcfe6ff-0bdb-489d-aa0a-9fa6e188527e","slot":1,"seq":2529,"echo":1773940340563}