{"x":698.9222677591284,"y":490.147607541293,"vx":-2.1257235416854936,"vy":0.00006889924729770259,"goals":{"home":0,"away":0},"ball":{"x":764.0266381252696,"y":471.60967446677256,"vx":-0.03198748855761611,"vy":-0.028113408851517165},"t":1773940111824,"pid":"80937efb-6ada-448d-b176-ece4730f0100","slot":0,"seq":9361,"echo":1773940111824}