{"x":808.4708113666554,"y":363.8226568717251,"vx":-5.4689199360483665,"vy":0.009210213112434496,"goals":{"home":0,"away":0},"ball":{"x":820.3456659017338,"y":405.1026150077825,"vx":-0.27853528207645595,"vy":0.2732022802186187},"t":1773940057067,"pid":"80937efb-6ada-448d-b176-ece4730f0100","slot":0,"seq":6165,"echo":1773940057067}