{"x":1104.9609848687226,"y":341.5233803073869,"vx":-0.0028403161907803016,"vy":1.2491412225245062,"goals":{"home":0,"away":0},"ball":{"x":1164.5237330837408,"y":385.55163925714794,"vx":-0.12133133250552791,"vy":0.6424281004987349},"t":1773940144674,"pid":"80937efb-6ada-448d-b176-ece4730f0100","slot":0,"seq":11332,"echo":1773940144674}