{"x":1141.9587001200377,"y":634.2764725872728,"vx":-0.7058584072717468,"vy":-0.1464784358318055,"goals":{"home":0,"away":0},"ball":{"x":1125.6990241238411,"y":670.5148059412371,"vx":-0.4142279121595411,"vy":-1.0477088444366156},"t":1773939962878,"pid":"80937efb-6ada-448d-b176-ece4730f0100","slot":0,"seq":1044,"echo":1773939962878}