{"x":865.5768087970692,"y":387.99135501922854,"vx":-2.1156118604125517e-7,"vy":3.2183971026448274e-7,"goals":{"home":1,"away":0},"t":1773940358867,"pid":"cdcfe6ff-0bdb-489d-aa0a-9fa6e188527e","slot":1,"seq":3627,"echo":1773940358867}