{"x":985.947237919309,"y":543.5787350401528,"vx":0.13831754113518407,"vy":0.7416173189882231,"goals":{"home":0,"away":0},"ball":{"x":1154.019809631863,"y":540.7325162195939,"vx":-2.4413781843828732,"vy":0.8067880790993696},"t":1773939972932,"pid":"80937efb-6ada-448d-b176-ece4730f0100","slot":0,"seq":1647,"echo":1773939972932}