{"x":942.4547467256226,"y":249.2209566732271,"vx":0.0010450761212798508,"vy":-0.002112190841218818,"goals":{"home":1,"away":0},"t":1773940306057,"pid":"cdcfe6ff-0bdb-489d-aa0a-9fa6e188527e","slot":1,"seq":458,"echo":1773940306057}