{"x":1023.5374265084279,"y":378.6153081492687,"vx":-1.520397907244921,"vy":-0.16622461166191782,"goals":{"home":0,"away":0},"ball":{"x":1047.299581987992,"y":485.08305496010985,"vx":1.9090012587723784,"vy":1.9499959639089208},"t":1773940083029,"pid":"80937efb-6ada-448d-b176-ece4730f0100","slot":0,"seq":7633,"echo":1773940083029}