{"x":1056.9162548850168,"y":702.618469110317,"vx":3.0096973667258946,"vy":16.237097353929446,"goals":{"home":0,"away":0},"ball":{"x":1177.4340169462512,"y":566.4153858328821,"vx":-0.013935416575542734,"vy":0.22750182921894968},"t":1773940101325,"pid":"80937efb-6ada-448d-b176-ece4730f0100","slot":0,"seq":8731,"echo":1773940101325}