{"x":865.5793811894916,"y":387.98744173982493,"vx":-0.00013560063605968982,"vy":0.0002062839135937714,"goals":{"home":1,"away":0},"t":1773940356768,"pid":"cdcfe6ff-0bdb-489d-aa0a-9fa6e188527e","slot":1,"seq":3501,"echo":1773940356768}