{"x":1007.3624317286886,"y":282.57666917114915,"vx":-3.9579214095325908,"vy":0.031644421484045816,"goals":{"home":0,"away":0},"ball":{"x":959.4849995040698,"y":394.2600283008909,"vx":-0.9713357703418211,"vy":1.0260572908893273},"t":1773939995429,"pid":"80937efb-6ada-448d-b176-ece4730f0100","slot":0,"seq":2997,"echo":1773939995429}