{"x":441.82276016783504,"y":370.94540771452307,"vx":1.692832256441559e-11,"vy":-1.5305877509230836e-11,"goals":{"home":1,"away":0},"ball":{"x":592.5,"y":392.5,"vx":0,"vy":0},"t":1773940167782,"pid":"80937efb-6ada-448d-b176-ece4730f0100","slot":0,"seq":12508,"echo":1773940167782}