{"x":555.5504987107138,"y":436.0045687007629,"vx":-1.1723757410611688,"vy":1.2379497811568876,"goals":{"home":1,"away":0},"t":1773940326175,"pid":"cdcfe6ff-0bdb-489d-aa0a-9fa6e188527e","slot":1,"seq":1665,"echo":1773940326175}