{"x":785.2494392021055,"y":46.99935014596325,"vx":-6.22820889867349,"vy":9.2717875090834,"goals":{"home":0,"away":0},"ball":{"x":887.3280747100031,"y":151.88402196613026,"vx":-3.006426620273397,"vy":1.6174825363599696},"t":1773940023322,"pid":"80937efb-6ada-448d-b176-ece4730f0100","slot":0,"seq":4140,"echo":1773940023322}