{"x":876.6243259242508,"y":446.4319123634148,"vx":0.21031360053911055,"vy":-0.020411845950968083,"goals":{"home":0,"away":0},"ball":{"x":902.8462601204174,"y":493.18754152157834,"vx":0.449522866260899,"vy":0.7373976302929421},"t":1773939998130,"pid":"80937efb-6ada-448d-b176-ece4730f0100","slot":0,"seq":3159,"echo":1773939998130}