{"x":441.8227601681564,"y":370.94540771423254,"vx":5.848322423074962e-46,"vy":-5.287807241471e-46,"goals":{"home":1,"away":0},"ball":{"x":592.5,"y":392.5,"vx":0,"vy":0},"t":1773940193564,"pid":"80937efb-6ada-448d-b176-ece4730f0100","slot":0,"seq":14055,"echo":1773940193564}