{"x":592.0215581182978,"y":408.7426182292478,"vx":-0.07156503569043686,"vy":0.22819972086055432,"goals":{"home":1,"away":0},"t":1773940312808,"pid":"cdcfe6ff-0bdb-489d-aa0a-9fa6e188527e","slot":1,"seq":863,"echo":1773940312808}