{"x":1018.2831455265521,"y":443.77358432210434,"vx":0.0007781619281766026,"vy":0.05896936210096182,"goals":{"home":0,"away":0},"ball":{"x":1173.9635561934274,"y":423.0062645494732,"vx":0.07767635612469902,"vy":-0.008745122707547693},"t":1773940120976,"pid":"80937efb-6ada-448d-b176-ece4730f0100","slot":0,"seq":9910,"echo":1773940120976}