{"x":982.464456745552,"y":474.14983138594874,"vx":-2.520429568672265,"vy":-0.4804284567647515,"goals":{"home":0,"away":0},"ball":{"x":989.7315276355239,"y":380.20953812979604,"vx":-0.4113871491373034,"vy":-0.7311686637451137},"t":1773940065621,"pid":"80937efb-6ada-448d-b176-ece4730f0100","slot":0,"seq":6678,"echo":1773940065621}