{"x":753.7781187344054,"y":497.0649939862956,"vx":-0.0002438316715862406,"vy":-0.3952527069492043,"goals":{"home":0,"away":0},"ball":{"x":781.1084876468788,"y":472.82250657988266,"vx":-0.2548612269252938,"vy":0.08416208065816973},"t":1773940109123,"pid":"80937efb-6ada-448d-b176-ece4730f0100","slot":0,"seq":9199,"echo":1773940109123}