{"x":542.415444875429,"y":361.26352394595915,"vx":-2.4789265751261436,"vy":-1.6593449982182866,"goals":{"home":1,"away":0},"t":1773940329171,"pid":"cdcfe6ff-0bdb-489d-aa0a-9fa6e188527e","slot":1,"seq":1845,"echo":1773940329171}