{"x":865.617914130439,"y":387.92882309250973,"vx":-0.0021636501596045896,"vy":0.0032914758775508647,"goals":{"home":1,"away":0},"t":1773940355870,"pid":"cdcfe6ff-0bdb-489d-aa0a-9fa6e188527e","slot":1,"seq":3447,"echo":1773940355870}