{"x":441.8227601681564,"y":370.94540771423254,"vx":7.809465512847998e-95,"vy":-7.060990366728711e-95,"goals":{"home":1,"away":0},"ball":{"x":585.0979357500565,"y":389.5995919911676,"vx":0,"vy":0},"t":1773940326172,"pid":"80937efb-6ada-448d-b176-ece4730f0100","slot":0,"seq":16249,"echo":1773940326172}