{"x":1059.4081171674654,"y":510.5021587560214,"vx":0.3017150517337015,"vy":-5.721456667151473,"goals":{"home":0,"away":0},"ball":{"x":1113.0492198867269,"y":548.1203538673841,"vx":-0.44024166277762616,"vy":0.3269090540886461},"t":1773940042819,"pid":"80937efb-6ada-448d-b176-ece4730f0100","slot":0,"seq":5310,"echo":1773940042819}