{"x":667.3782701524178,"y":222.4713759973631,"vx":-0.024463159216230265,"vy":0.03641772743076596,"goals":{"home":0,"away":0},"ball":{"x":690.2197876786555,"y":257.92992040753006,"vx":-1.0154338219769525,"vy":0.5463118450326977},"t":1773940025119,"pid":"80937efb-6ada-448d-b176-ece4730f0100","slot":0,"seq":4248,"echo":1773940025119}