{"x":1021.9673822782588,"y":492.97413187505435,"vx":-2.09953091249894,"vy":-0.22118111408609537,"goals":{"home":0,"away":0},"ball":{"x":1025.717144960744,"y":444.167675346529,"vx":-0.7748782332304358,"vy":-1.377210453813122},"t":1773940064566,"pid":"80937efb-6ada-448d-b176-ece4730f0100","slot":0,"seq":6615,"echo":1773940064566}