{"x":842.9038588849061,"y":320.074445845845,"vx":-0.4002791217686849,"vy":3.085390607036171,"goals":{"home":0,"away":0},"ball":{"x":1049.9779988908797,"y":382.0786859374509,"vx":-0.012737916619059873,"vy":0.30952600160276644},"t":1773939959128,"pid":"80937efb-6ada-448d-b176-ece4730f0100","slot":0,"seq":819,"echo":1773939959128}