{"x":774.1619262272189,"y":468.2012822390184,"vx":1.336810860764093,"vy":0.7655983516759508,"goals":{"home":0,"away":0},"ball":{"x":808.6360761364712,"y":416.5880060162232,"vx":-0.16025659757885252,"vy":0.15718822962831003},"t":1773940057983,"pid":"80937efb-6ada-448d-b176-ece4730f0100","slot":0,"seq":6220,"echo":1773940057983}