{"x":812.0254093407068,"y":123.19608384725507,"vx":7.311844721306994,"vy":-4.5233652667593764,"goals":{"home":0,"away":0},"ball":{"x":1100.4626008505431,"y":171.5831322872106,"vx":2.868287151064818,"vy":-1.309119134244205},"t":1773939950261,"pid":"80937efb-6ada-448d-b176-ece4730f0100","slot":0,"seq":287,"echo":1773939950261}