{"x":441.8227601681564,"y":370.94540771423254,"vx":2.416131329849473e-39,"vy":-2.184564361895347e-39,"goals":{"home":1,"away":0},"ball":{"x":592.5,"y":392.5,"vx":0,"vy":0},"t":1773940188615,"pid":"80937efb-6ada-448d-b176-ece4730f0100","slot":0,"seq":13758,"echo":1773940188615}