{"x":1041.4656569692713,"y":22.651192229707085,"vx":8.216024100988989,"vy":-9.844549239123921,"goals":{"home":0,"away":0},"ball":{"x":1128.6789214128871,"y":218.4285667128798,"vx":0.15443647635182595,"vy":-2.1530501245442157},"t":1773940140008,"pid":"80937efb-6ada-448d-b176-ece4730f0100","slot":0,"seq":11052,"echo":1773940140008}