{"x":1109.9845501350967,"y":459.1230773395989,"vx":3.494070419645014,"vy":1.9118056516751993,"goals":{"home":0,"away":0},"ball":{"x":1152.7207471754846,"y":442.5528187508093,"vx":0.6581794364162636,"vy":0.8435651752916657},"t":1773940019266,"pid":"80937efb-6ada-448d-b176-ece4730f0100","slot":0,"seq":3897,"echo":1773940019266}