{"x":1108.1760724821913,"y":64.56894605650457,"vx":0.02360796165997822,"vy":-1.1515997851587747,"goals":{"home":0,"away":0},"ball":{"x":1158.9378789425798,"y":163.11392828894805,"vx":0.41384914998100963,"vy":-0.16653481649913776},"t":1773940036521,"pid":"80937efb-6ada-448d-b176-ece4730f0100","slot":0,"seq":4932,"echo":1773940036521}