{"x":938.2440363977424,"y":488.94867159035334,"vx":-0.009142449217792434,"vy":-1.827426952764982,"goals":{"home":0,"away":0},"ball":{"x":968.5644931275712,"y":454.22063751510984,"vx":0.06346631918958608,"vy":0.11394700993594754},"t":1773939986729,"pid":"80937efb-6ada-448d-b176-ece4730f0100","slot":0,"seq":2475,"echo":1773939986729}