{"x":441.8227601681564,"y":370.94540771423254,"vx":3.431831234438273e-77,"vy":-3.1029175103905683e-77,"goals":{"home":1,"away":0},"ball":{"x":585.0979357500565,"y":389.5995919911676,"vx":0,"vy":0},"t":1773940312972,"pid":"80937efb-6ada-448d-b176-ece4730f0100","slot":0,"seq":15457,"echo":1773940312972}