{"x":1163.3629247245983,"y":410.71463706355615,"vx":-4.524837834251768,"vy":-0.45201163589125376,"goals":{"home":0,"away":0},"ball":{"x":1136.6712499401515,"y":288.8229351385541,"vx":0.5551975338816147,"vy":-3.153445637409782},"t":1773940020315,"pid":"80937efb-6ada-448d-b176-ece4730f0100","slot":0,"seq":3960,"echo":1773940020315}