{"x":933.768893356506,"y":104.58384690517326,"vx":0.35327063597928443,"vy":2.110706081313389,"goals":{"home":0,"away":0},"ball":{"x":942.7874897418386,"y":141.74974896387528,"vx":-0.1830172778575888,"vy":-1.5362306752947614},"t":1773939976966,"pid":"80937efb-6ada-448d-b176-ece4730f0100","slot":0,"seq":1889,"echo":1773939976966}