{"x":711.0053654845274,"y":329.07938441677584,"vx":-0.18506413601784927,"vy":-0.4529985140651592,"goals":{"home":0,"away":0},"ball":{"x":786.1943224308553,"y":337.93967063079396,"vx":0.012101412203087416,"vy":0.022845352086721837},"t":1773940079279,"pid":"80937efb-6ada-448d-b176-ece4730f0100","slot":0,"seq":7408,"echo":1773940079279}