{"x":441.8227601681564,"y":370.94540771423254,"vx":1.1714701954575358e-104,"vy":-1.059194096116685e-104,"goals":{"home":1,"away":0},"ball":{"x":579.5202498848814,"y":364.2145547426058,"vx":0,"vy":0},"t":1773940333525,"pid":"80937efb-6ada-448d-b176-ece4730f0100","slot":0,"seq":16690,"echo":1773940333525}