{"x":756.3479480969474,"y":569.9610558855683,"vx":0.00013568697736062466,"vy":0.000053047372928898254,"goals":{"home":1,"away":0},"t":1773940341313,"pid":"cdcfe6ff-0bdb-489d-aa0a-9fa6e188527e","slot":1,"seq":2574,"echo":1773940341313}