{"x":1005.97910386325,"y":532.5432622833878,"vx":3.3447913228996224,"vy":0.8895753433578779,"goals":{"home":0,"away":0},"ball":{"x":969.7901280983638,"y":483.80455341139105,"vx":1.368056311641773,"vy":0.434122286817808},"t":1773940061865,"pid":"80937efb-6ada-448d-b176-ece4730f0100","slot":0,"seq":6453,"echo":1773940061865}