{"x":1073.6287416702207,"y":345.65806707019055,"vx":-4.3344871440829404,"vy":-1.1764670797857928,"goals":{"home":0,"away":0},"ball":{"x":1073.4694977172433,"y":376.27698175566655,"vx":-3.208002742787562,"vy":1.0593694021148938},"t":1773940104929,"pid":"80937efb-6ada-448d-b176-ece4730f0100","slot":0,"seq":8947,"echo":1773940104929}