{"x":1168.413059584318,"y":416.5624140684819,"vx":-0.2856905321474889,"vy":-0.24204452704328575,"goals":{"home":1,"away":0},"ball":{"x":592.5,"y":392.5,"vx":0,"vy":0},"t":1773940149930,"pid":"80937efb-6ada-448d-b176-ece4730f0100","slot":0,"seq":11437,"echo":1773940149930}