{"x":1105.7681030300485,"y":262.03888176583456,"vx":-0.045320219418470406,"vy":0.4325358826062093,"goals":{"home":0,"away":0},"ball":{"x":1173.1803690283234,"y":339.7162719884867,"vx":-0.20877209962251872,"vy":1.1054116082629912},"t":1773940143778,"pid":"80937efb-6ada-448d-b176-ece4730f0100","slot":0,"seq":11278,"echo":1773940143778}