{"x":610.7406342995262,"y":375.80362358695373,"vx":4.814592256514805e-7,"vy":1.8957351702253258e-7,"goals":{"home":1,"away":0},"ball":{"x":1002.0041398470718,"y":259.31068518089177,"vx":0.20696462422167425,"vy":-0.04769348264511135},"t":1773940343725,"pid":"80937efb-6ada-448d-b176-ece4730f0100","slot":0,"seq":17302,"echo":1773940343725}