{"x":718.6418672974469,"y":458.8145169876279,"vx":-0.13543957694832084,"vy":-0.628160954232487,"goals":{"home":0,"away":0},"ball":{"x":860.4893239494631,"y":500.98254829155127,"vx":-0.8868441067553945,"vy":-0.46528577172156615},"t":1773939965877,"pid":"80937efb-6ada-448d-b176-ece4730f0100","slot":0,"seq":1224,"echo":1773939965877}