{"x":598.791685997549,"y":459.94932648561723,"vx":0.607314527079907,"vy":-1.8222941435869429,"goals":{"home":1,"away":0},"t":1773940326915,"pid":"cdcfe6ff-0bdb-489d-aa0a-9fa6e188527e","slot":1,"seq":1710,"echo":1773940326915}