{"x":963.036007380888,"y":236.13772978223236,"vx":-6.723023779451954,"vy":0.0031125051210489775,"goals":{"home":0,"away":0},"ball":{"x":1050.9087298581326,"y":359.4623159707352,"vx":-0.02213923952060996,"vy":0.537974183084746},"t":1773939958211,"pid":"80937efb-6ada-448d-b176-ece4730f0100","slot":0,"seq":764,"echo":1773939958211}