{"x":963.3151546063264,"y":235.63189782759096,"vx":-1.7377157386855275,"vy":0.029735239575862545,"goals":{"home":0,"away":0},"ball":{"x":1052.127690773947,"y":329.84207981551845,"vx":-0.03445197604398566,"vy":0.8371684876828955},"t":1773939957482,"pid":"80937efb-6ada-448d-b176-ece4730f0100","slot":0,"seq":720,"echo":1773939957482}