{"x":497.79122897717855,"y":616.8167176298564,"vx":-5.445708884685362,"vy":-5.440595258717086,"goals":{"home":1,"away":0},"ball":{"x":592.5,"y":392.5,"vx":0,"vy":0},"t":1773940158179,"pid":"80937efb-6ada-448d-b176-ece4730f0100","slot":0,"seq":11932,"echo":1773940158179}