{"x":1069.280523239437,"y":549.3788063997232,"vx":0.013137671521356033,"vy":0.0034940740770643356,"goals":{"home":0,"away":0},"ball":{"x":1059.4830659973807,"y":512.2666152291542,"vx":0.46206703993452886,"vy":0.14662671290101004},"t":1773940063670,"pid":"80937efb-6ada-448d-b176-ece4730f0100","slot":0,"seq":6561,"echo":1773940063670}