{"x":1001.6178871672407,"y":176.55374740630347,"vx":2.4343457507441135,"vy":-5.38285718641528,"goals":{"home":0,"away":0},"ball":{"x":1037.7387639970577,"y":275.6090550878241,"vx":0.24329203607851407,"vy":-2.4156579542457894},"t":1773940052567,"pid":"80937efb-6ada-448d-b176-ece4730f0100","slot":0,"seq":5895,"echo":1773940052567}