{"x":1073.4713466234812,"y":226.13172404577813,"vx":-10.355640987901719,"vy":-4.183607072032426,"goals":{"home":0,"away":0},"ball":{"x":1181.9196688098302,"y":493.18513837875906,"vx":-0.05924503135915458,"vy":0.9672012984525206},"t":1773940098923,"pid":"80937efb-6ada-448d-b176-ece4730f0100","slot":0,"seq":8587,"echo":1773940098923}