{"x":871.8770914081164,"y":525.5181666814335,"vx":1.2701227073082408,"vy":-1.668910601558494,"goals":{"home":0,"away":0},"ball":{"x":911.1879871999217,"y":464.6913462859655,"vx":0.704502499023003,"vy":0.020608712482943263},"t":1773939970967,"pid":"80937efb-6ada-448d-b176-ece4730f0100","slot":0,"seq":1529,"echo":1773939970967}