{"x":731.2390708916779,"y":276.4754926895107,"vx":0.0000040004479278018155,"vy":3.5656273663172136,"goals":{"home":0,"away":0},"ball":{"x":783.8452883742912,"y":333.5051047152378,"vx":0.035829028936057175,"vy":0.0676389471933483},"t":1773940077474,"pid":"80937efb-6ada-448d-b176-ece4730f0100","slot":0,"seq":7300,"echo":1773940077474}