{"x":401.14864729488346,"y":476.15022366005445,"vx":-0.35925721719613346,"vy":-0.5370955760959248,"goals":{"home":1,"away":0},"ball":{"x":592.5,"y":392.5,"vx":0,"vy":0},"t":1773940159068,"pid":"80937efb-6ada-448d-b176-ece4730f0100","slot":0,"seq":11985,"echo":1773940159068}