{"x":735.5480467367047,"y":102.31059905836148,"vx":-3.3794753108848714,"vy":0.7940537567300932,"goals":{"home":0,"away":0},"ball":{"x":756.789641908455,"y":170.62641452392347,"vx":-2.077319972271368,"vy":-0.5323645920098076},"t":1773940070120,"pid":"80937efb-6ada-448d-b176-ece4730f0100","slot":0,"seq":6948,"echo":1773940070120}