{"x":441.8227601681564,"y":370.94540771423254,"vx":2.3928643875334535e-59,"vy":-2.1635273709148076e-59,"goals":{"home":1,"away":0},"ball":{"x":592.5,"y":392.5,"vx":0,"vy":0},"t":1773940299627,"pid":"80937efb-6ada-448d-b176-ece4730f0100","slot":0,"seq":14656,"echo":1773940299627}