{"x":942.2849051103906,"y":249.5642215291028,"vx":0.00998410850189909,"vy":-0.02017876220310191,"goals":{"home":1,"away":0},"t":1773940305322,"pid":"cdcfe6ff-0bdb-489d-aa0a-9fa6e188527e","slot":1,"seq":414,"echo":1773940305322}