{"x":1122.7901219296161,"y":159.397092429969,"vx":-1.9834511992513553,"vy":0.8309145477380365,"goals":{"home":0,"away":0},"ball":{"x":1135.1714123080837,"y":127.9145983764008,"vx":0.0888557602387226,"vy":-1.238767616094932},"t":1773940140924,"pid":"80937efb-6ada-448d-b176-ece4730f0100","slot":0,"seq":11107,"echo":1773940140924}