{"x":906.5386869487412,"y":516.4751376477517,"vx":2.040566331397256,"vy":-0.1537773336399812,"goals":{"home":1,"away":0},"t":1773940336066,"pid":"cdcfe6ff-0bdb-489d-aa0a-9fa6e188527e","slot":1,"seq":2259,"echo":1773940336066}