{"x":977.2862316823072,"y":350.36549803037366,"vx":-12.812195318298798,"vy":-0.157536494514333,"goals":{"home":0,"away":0},"ball":{"x":1143.3893054566113,"y":634.1689828042756,"vx":1.695104240661586,"vy":4.28743610232411},"t":1773939960912,"pid":"80937efb-6ada-448d-b176-ece4730f0100","slot":0,"seq":926,"echo":1773939960912}