{"x":579.5292559207903,"y":629.4301897414595,"vx":8.383359966461345,"vy":5.3068177642574135,"goals":{"home":1,"away":0},"t":1773940322559,"pid":"cdcfe6ff-0bdb-489d-aa0a-9fa6e188527e","slot":1,"seq":1448,"echo":1773940322559}