{"x":972.2193614667129,"y":575.3971278895378,"vx":1.4289959404095245,"vy":0.6919452316214855,"goals":{"home":0,"away":0},"ball":{"x":921.485512247601,"y":523.7633839995021,"vx":0.26124759224894123,"vy":0.4285507365765406},"t":1773939999032,"pid":"80937efb-6ada-448d-b176-ece4730f0100","slot":0,"seq":3213,"echo":1773939999032}