{"x":610.7406434463562,"y":375.8036271884982,"vx":4.707696591206149e-11,"vy":1.8536452358189292e-11,"goals":{"home":1,"away":0},"ball":{"x":1019.1372946103974,"y":255.36247508250548,"vx":0.03390245489514971,"vy":-0.007812572560403597},"t":1773940346725,"pid":"80937efb-6ada-448d-b176-ece4730f0100","slot":0,"seq":17482,"echo":1773940346725}