{"x":986.6184973276102,"y":659.4809435329598,"vx":14.196632805632627,"vy":-1.4730295382364005,"goals":{"home":0,"away":0},"ball":{"x":1149.1505344968568,"y":729.8308349000539,"vx":-0.6511118553213174,"vy":-1.6468606521014364},"t":1773939962127,"pid":"80937efb-6ada-448d-b176-ece4730f0100","slot":0,"seq":999,"echo":1773939962127}