{"x":961.8693483004221,"y":745.3797129193059,"vx":-0.911592871521624,"vy":-5.401017523719827,"goals":{"home":0,"away":0},"ball":{"x":1003.6078067090526,"y":609.6484511448315,"vx":-1.539631303958437,"vy":1.0165557314286393},"t":1773940125628,"pid":"80937efb-6ada-448d-b176-ece4730f0100","slot":0,"seq":10189,"echo":1773940125628}