{"x":1008.8214012196056,"y":464.60426397284226,"vx":0.49876470439906295,"vy":0.21261780153579982,"goals":{"home":0,"away":0},"ball":{"x":1154.3706790060464,"y":425.2121110096561,"vx":0.27558420650227905,"vy":-0.031026400083129915},"t":1773940118878,"pid":"80937efb-6ada-448d-b176-ece4730f0100","slot":0,"seq":9784,"echo":1773940118878}