{"x":564.4693488099302,"y":363.5311709592004,"vx":-5.296861446940958,"vy":-3.5040940573637767,"goals":{"home":1,"away":0},"t":1773940334568,"pid":"cdcfe6ff-0bdb-489d-aa0a-9fa6e188527e","slot":1,"seq":2169,"echo":1773940334568}