{"x":441.8227601681564,"y":370.94540771423254,"vx":6.1513603030259875e-37,"vy":-5.5618013512558234e-37,"goals":{"home":1,"away":0},"ball":{"x":592.5,"y":392.5,"vx":0,"vy":0},"t":1773940186814,"pid":"80937efb-6ada-448d-b176-ece4730f0100","slot":0,"seq":13650,"echo":1773940186814}