{"x":674.3298413017576,"y":212.1227361878212,"vx":-0.39033532497096857,"vy":0.5810829805645487,"goals":{"home":0,"away":0},"ball":{"x":762.6680229460757,"y":218.95216703582335,"vx":-1.747234178213518,"vy":0.9400265255549879},"t":1773940024217,"pid":"80937efb-6ada-448d-b176-ece4730f0100","slot":0,"seq":4194,"echo":1773940024217}