{"x":441.8227601681564,"y":370.94540771423254,"vx":1.0499040815924875e-23,"vy":-9.492791272228977e-24,"goals":{"home":1,"away":0},"ball":{"x":592.5,"y":392.5,"vx":0,"vy":0},"t":1773940176913,"pid":"80937efb-6ada-448d-b176-ece4730f0100","slot":0,"seq":13056,"echo":1773940176913}