{"x":1165.070089550776,"y":749.599520288062,"vx":-1.5597700895441213,"vy":-0.3585602585984694,"goals":{"home":0,"away":0},"ball":{"x":1151.7054764825946,"y":668.3755341233954,"vx":-0.07718785942346221,"vy":0.09855678044138162},"t":1773940087973,"pid":"80937efb-6ada-448d-b176-ece4730f0100","slot":0,"seq":7930,"echo":1773940087973}