{"x":924.0998436439297,"y":367.1791994547951,"vx":-0.007975228246569993,"vy":-8.703364202097735,"goals":{"home":0,"away":0},"ball":{"x":995.2918865316155,"y":368.0625741386753,"vx":0.3930526072240762,"vy":-1.5781018542185412},"t":1773940014621,"pid":"80937efb-6ada-448d-b176-ece4730f0100","slot":0,"seq":3618,"echo":1773940014621}