{"x":871.0093162410577,"y":233.5426803059284,"vx":-1.05607027492655,"vy":3.1320724981298453,"goals":{"home":1,"away":0},"t":1773940349566,"pid":"cdcfe6ff-0bdb-489d-aa0a-9fa6e188527e","slot":1,"seq":3069,"echo":1773940349566}