{"x":716.069148801336,"y":488.97125593770033,"vx":-0.00003334031090230297,"vy":-2.2153577410783925,"goals":{"home":0,"away":0},"ball":{"x":789.9256746500034,"y":463.96109010099127,"vx":-0.17407997241741383,"vy":-0.09133164858459791},"t":1773939968578,"pid":"80937efb-6ada-448d-b176-ece4730f0100","slot":0,"seq":1386,"echo":1773939968578}