{"x":821.7622988386067,"y":267.9889024724962,"vx":-0.002834113723331586,"vy":0.012107385955721374,"goals":{"home":0,"away":0},"ball":{"x":927.7493236017006,"y":345.0757100789969,"vx":-0.02639302527875098,"vy":0.377180230397052},"t":1773939980132,"pid":"80937efb-6ada-448d-b176-ece4730f0100","slot":0,"seq":2079,"echo":1773939980132}