{"x":1047.5622147635497,"y":184.81636128715127,"vx":0.06860096466579385,"vy":1.8253161354577914,"goals":{"home":0,"away":0},"ball":{"x":1057.0533393294827,"y":235.2476299623318,"vx":-0.045835425777047606,"vy":0.3137258278916148},"t":1773939955677,"pid":"80937efb-6ada-448d-b176-ece4730f0100","slot":0,"seq":612,"echo":1773939955677}