{"x":950.0571605014526,"y":588.5440841080824,"vx":-1.1545724298399613,"vy":1.6748753528575165e-7,"goals":{"home":0,"away":0},"ball":{"x":946.0418291554374,"y":564.0455837620631,"vx":0.013203987119288786,"vy":0.02165982988400647},"t":1773940012815,"pid":"80937efb-6ada-448d-b176-ece4730f0100","slot":0,"seq":3510,"echo":1773940012815}