{"x":492.14125717896354,"y":205.83755683539135,"vx":-16.528702935406862,"vy":-5.4130388438364605,"goals":{"home":1,"away":0},"t":1773940336817,"pid":"cdcfe6ff-0bdb-489d-aa0a-9fa6e188527e","slot":1,"seq":2304,"echo":1773940336817}