{"x":1005.0845580375808,"y":618.4649111376038,"vx":1.9108497427802542,"vy":0.8638317622182773,"goals":{"home":0,"away":0},"ball":{"x":1074.9079604273197,"y":576.4428051614192,"vx":-0.05497641571291308,"vy":0.04082368748223339},"t":1773940046270,"pid":"80937efb-6ada-448d-b176-ece4730f0100","slot":0,"seq":5517,"echo":1773940046270}