{"x":762.2791218547164,"y":432.9912592355149,"vx":-8.831696141079824,"vy":0.6293500205265659,"goals":{"home":1,"away":0},"t":1773940308162,"pid":"cdcfe6ff-0bdb-489d-aa0a-9fa6e188527e","slot":1,"seq":585,"echo":1773940308162}