{"x":1037.4968251872742,"y":155.9354696732166,"vx":-2.5229206634494115,"vy":-0.29935888170289415,"goals":{"home":0,"away":0},"ball":{"x":1034.491113257494,"y":195.05732351048937,"vx":-2.441620608902324,"vy":2.39487189130239},"t":1773940053470,"pid":"80937efb-6ada-448d-b176-ece4730f0100","slot":0,"seq":5949,"echo":1773940053470}