{"x":441.8227601681546,"y":370.9454077142341,"vx":1.1105221982699377e-13,"vy":-1.0040874796260846e-13,"goals":{"home":1,"away":0},"ball":{"x":592.5,"y":392.5,"vx":0,"vy":0},"t":1773940169414,"pid":"80937efb-6ada-448d-b176-ece4730f0100","slot":0,"seq":12606,"echo":1773940169414}