{"x":589.6117545242431,"y":424.7563909462473,"vx":-1.9981172977161998,"vy":-1.3914056091992817,"goals":{"home":1,"away":0},"t":1773940308919,"pid":"cdcfe6ff-0bdb-489d-aa0a-9fa6e188527e","slot":1,"seq":630,"echo":1773940308919}