{"x":893.2507884164426,"y":588.4621536510919,"vx":0.5852366272658387,"vy":0.004312296802827142,"goals":{"home":0,"away":0},"ball":{"x":937.7865170959592,"y":550.5035639742315,"vx":0.09659097761906459,"vy":0.1584479085489677},"t":1773940000678,"pid":"80937efb-6ada-448d-b176-ece4730f0100","slot":0,"seq":3312,"echo":1773940000678}