{"x":441.8227601681564,"y":370.94540771423254,"vx":3.4820066686115184e-47,"vy":-3.1482840283373845e-47,"goals":{"home":1,"away":0},"ball":{"x":592.5,"y":392.5,"vx":0,"vy":0},"t":1773940194480,"pid":"80937efb-6ada-448d-b176-ece4730f0100","slot":0,"seq":14110,"echo":1773940194480}