{"x":1116.2753318425466,"y":49.49069607817749,"vx":1.452121118402735,"vy":0.19771956750904948,"goals":{"home":0,"away":0},"ball":{"x":1075.8663236250054,"y":106.48000157955668,"vx":-0.23586557017627774,"vy":1.614408942869143},"t":1773939952977,"pid":"80937efb-6ada-448d-b176-ece4730f0100","slot":0,"seq":449,"echo":1773939952977}