{"x":761.2490601124924,"y":530.678663933062,"vx":-0.39345127262354973,"vy":-4.66439323046324,"goals":{"home":0,"away":0},"ball":{"x":863.1454135840273,"y":445.73169146858874,"vx":-1.0835170444722475,"vy":0.3578066777419439},"t":1773940106727,"pid":"80937efb-6ada-448d-b176-ece4730f0100","slot":0,"seq":9055,"echo":1773940106727}