{"x":1107.3287487957325,"y":306.2966721452559,"vx":-2.039945054980514,"vy":0.012925420515952836,"goals":{"home":0,"away":0},"ball":{"x":1182.2387018950722,"y":345.69668579616496,"vx":0.1611636588831464,"vy":0.20862285736954386},"t":1773940094576,"pid":"80937efb-6ada-448d-b176-ece4730f0100","slot":0,"seq":8326,"echo":1773940094576}