{"x":908.5988338469564,"y":124.00351359805242,"vx":-4.573178061531205,"vy":0.09028574776855076,"goals":{"home":0,"away":0},"ball":{"x":936.2449378077987,"y":223.66569020528095,"vx":-0.11220731018883533,"vy":1.6035440675052957},"t":1773939977729,"pid":"80937efb-6ada-448d-b176-ece4730f0100","slot":0,"seq":1935,"echo":1773939977729}