{"x":1048.4075807961872,"y":370.7603696421977,"vx":-3.9171072639203235,"vy":-1.398317939446552,"goals":{"home":0,"away":0},"ball":{"x":1120.1758276876628,"y":336.9730157742437,"vx":0.24032631196015336,"vy":-3.3504688019317292},"t":1773940139279,"pid":"80937efb-6ada-448d-b176-ece4730f0100","slot":0,"seq":11008,"echo":1773940139279}