{"x":1093.0569343894038,"y":42.369121790577424,"vx":-4.7608162003149195,"vy":-0.26931463219739077,"goals":{"home":0,"away":0},"ball":{"x":1157.4993484787717,"y":116.54792130217001,"vx":-1.3202261093303482,"vy":-0.7532079121730877},"t":1773939951177,"pid":"80937efb-6ada-448d-b176-ece4730f0100","slot":0,"seq":342,"echo":1773939951177}