{"x":731.000558853903,"y":411.96401772870314,"vx":-13.513979967388766,"vy":-0.000023667054948213282,"goals":{"home":1,"away":0},"ball":{"x":592.5,"y":392.5,"vx":0,"vy":0},"t":1773940152930,"pid":"80937efb-6ada-448d-b176-ece4730f0100","slot":0,"seq":11617,"echo":1773940152930}