{"x":441.8227601681564,"y":370.94540771423254,"vx":6.326448479885421e-32,"vy":-5.720108719167048e-32,"goals":{"home":1,"away":0},"ball":{"x":592.5,"y":392.5,"vx":0,"vy":0},"t":1773940183067,"pid":"80937efb-6ada-448d-b176-ece4730f0100","slot":0,"seq":13425,"echo":1773940183067}