{"x":978.055583894273,"y":243.92743406274394,"vx":-1.6125584622419207,"vy":0.0656055980529784,"goals":{"home":0,"away":0},"ball":{"x":1021.965117735471,"y":275.4400866204322,"vx":0.18248922428792658,"vy":0.22394438490841143},"t":1773940016433,"pid":"80937efb-6ada-448d-b176-ece4730f0100","slot":0,"seq":3727,"echo":1773940016433}