{"x":942.4680645435449,"y":524.0544927771066,"vx":-0.23145972004948487,"vy":0.07489824793220867,"goals":{"home":0,"away":0},"ball":{"x":963.0128499122054,"y":444.2532539847616,"vx":0.11954352338519852,"vy":0.21462765165663658},"t":1773939985680,"pid":"80937efb-6ada-448d-b176-ece4730f0100","slot":0,"seq":2412,"echo":1773939985680}