{"x":1099.7054518995537,"y":148.6395110159046,"vx":-3.117072809449446,"vy":0.7163988627629253,"goals":{"home":0,"away":0},"ball":{"x":1129.0176992310664,"y":200.92542409390538,"vx":0.06493346882657981,"vy":-0.7187849066378031},"t":1773940034882,"pid":"80937efb-6ada-448d-b176-ece4730f0100","slot":0,"seq":4834,"echo":1773940034882}