{"x":765.5417504259489,"y":335.9183457620458,"vx":-0.7094956760111781,"vy":1.4778581662534498,"goals":{"home":0,"away":0},"ball":{"x":867.3521782643422,"y":358.9961172353952,"vx":-0.7533485382644224,"vy":0.7389244799397019},"t":1773940055414,"pid":"80937efb-6ada-448d-b176-ece4730f0100","slot":0,"seq":6066,"echo":1773940055414}