{"x":441.8227601681564,"y":370.94540771423254,"vx":7.679059370948416e-98,"vy":-6.94308261616623e-98,"goals":{"home":1,"away":0},"ball":{"x":585.0332543015278,"y":389.5332760410354,"vx":0,"vy":0},"t":1773940328422,"pid":"80937efb-6ada-448d-b176-ece4730f0100","slot":0,"seq":16384,"echo":1773940328422}