{"x":1017.9236162791583,"y":416.52834190175776,"vx":0.01970075389627534,"vy":1.4929294894876175,"goals":{"home":0,"away":0},"ball":{"x":1167.1689063542608,"y":423.7712340918516,"vx":0.14630918278294638,"vy":-0.016472087782076657},"t":1773940119927,"pid":"80937efb-6ada-448d-b176-ece4730f0100","slot":0,"seq":9847,"echo":1773940119927}