{"x":844.8673518297685,"y":333.3884114597954,"vx":0.031110465689186465,"vy":0.3200279655715453,"goals":{"home":0,"away":0},"ball":{"x":925.9507563004122,"y":370.77886543613363,"vx":-0.008225678801090087,"vy":0.11755239850678202},"t":1773939982063,"pid":"80937efb-6ada-448d-b176-ece4730f0100","slot":0,"seq":2195,"echo":1773939982063}