{"x":441.822738222672,"y":370.94542755641675,"vx":0.0000011550255150819592,"vy":-0.0000010443255075397974,"goals":{"home":1,"away":0},"ball":{"x":592.5,"y":392.5,"vx":0,"vy":0},"t":1773940164165,"pid":"80937efb-6ada-448d-b176-ece4730f0100","slot":0,"seq":12291,"echo":1773940164165}