{"x":931.9116133859015,"y":287.0788261720993,"vx":-3.4913057162366226,"vy":5.311186050636016,"goals":{"home":1,"away":0},"t":1773940353471,"pid":"cdcfe6ff-0bdb-489d-aa0a-9fa6e188527e","slot":1,"seq":3303,"echo":1773940353471}