{"x":1058.6064737789652,"y":459.2863560315534,"vx":0.0014760517010760027,"vy":-2.0197466566775546,"goals":{"home":0,"away":0},"ball":{"x":1127.0823170114918,"y":426.05003857646847,"vx":-0.6088710284285155,"vy":-0.38934599307415424},"t":1773940032016,"pid":"80937efb-6ada-448d-b176-ece4730f0100","slot":0,"seq":4662,"echo":1773940032016}