{"x":441.8227601681355,"y":370.9454077142513,"vx":1.1167732585547198e-12,"vy":-1.0097394255089455e-12,"goals":{"home":1,"away":0},"ball":{"x":592.5,"y":392.5,"vx":0,"vy":0},"t":1773940168664,"pid":"80937efb-6ada-448d-b176-ece4730f0100","slot":0,"seq":12561,"echo":1773940168664}