{"x":865.5770609764866,"y":387.99097138860094,"vx":-0.000013484162097388717,"vy":0.000020512925380067766,"goals":{"home":1,"away":0},"t":1773940357518,"pid":"cdcfe6ff-0bdb-489d-aa0a-9fa6e188527e","slot":1,"seq":3546,"echo":1773940357518}