{"x":1112.5346265186515,"y":597.1541974887505,"vx":-2.1312071623469895,"vy":21.81440365241401,"goals":{"home":1,"away":0},"ball":{"x":592.5,"y":392.5,"vx":0,"vy":0},"t":1773940157264,"pid":"80937efb-6ada-448d-b176-ece4730f0100","slot":0,"seq":11877,"echo":1773940157264}