{"x":1169.1137325376867,"y":8.10854009982696,"vx":-0.18159275844099074,"vy":-1.4189060774413118,"goals":{"home":0,"away":0},"ball":{"x":1150.3117826366808,"y":10.396598973611052,"vx":-5.66282771044186,"vy":3.046648425173296},"t":1773940022266,"pid":"80937efb-6ada-448d-b176-ece4730f0100","slot":0,"seq":4077,"echo":1773940022266}