{"x":828.9972075070982,"y":507.77410928587364,"vx":-0.16423096106960502,"vy":3.778793996701577,"goals":{"home":0,"away":0},"ball":{"x":868.9018693073184,"y":561.178807774478,"vx":-0.19527818872478103,"vy":-0.18542678305589688},"t":1773940129079,"pid":"80937efb-6ada-448d-b176-ece4730f0100","slot":0,"seq":10396,"echo":1773940129079}