{"x":518.1391249247824,"y":364.66733768851435,"vx":6.223890876639991,"vy":8.226273284079982,"goals":{"home":1,"away":0},"t":1773940335167,"pid":"cdcfe6ff-0bdb-489d-aa0a-9fa6e188527e","slot":1,"seq":2205,"echo":1773940335167}