{"x":441.81745230872207,"y":370.9502068575633,"vx":0.00027936102288591034,"vy":-0.00025258649112306703,"goals":{"home":1,"away":0},"ball":{"x":592.5,"y":392.5,"vx":0,"vy":0},"t":1773940162380,"pid":"80937efb-6ada-448d-b176-ece4730f0100","slot":0,"seq":12184,"echo":1773940162380}