{"x":441.8227601681564,"y":370.94540771423254,"vx":1.4257812981755957e-69,"vy":-1.289131502651119e-69,"goals":{"home":1,"away":0},"ball":{"x":592.5,"y":392.5,"vx":0,"vy":0},"t":1773940307271,"pid":"80937efb-6ada-448d-b176-ece4730f0100","slot":0,"seq":15115,"echo":1773940307271}