{"x":605.0016335666545,"y":514.6687264361935,"vx":0.5825749206823827,"vy":0.40626721218594875,"goals":{"home":1,"away":0},"t":1773940332170,"pid":"cdcfe6ff-0bdb-489d-aa0a-9fa6e188527e","slot":1,"seq":2025,"echo":1773940332170}