{"x":969.3930570036788,"y":622.5415366522413,"vx":-1.8138120411279317,"vy":-12.27919121813234,"goals":{"home":1,"away":0},"t":1773940323318,"pid":"cdcfe6ff-0bdb-489d-aa0a-9fa6e188527e","slot":1,"seq":1494,"echo":1773940323318}