{"x":993.3873383565739,"y":245.04998751267715,"vx":1.3305070923738311,"vy":0.006523837530180051,"goals":{"home":0,"away":0},"ball":{"x":1028.5379483503273,"y":283.5060341573059,"vx":0.11609699585503336,"vy":0.14247016736423232},"t":1773940017183,"pid":"80937efb-6ada-448d-b176-ece4730f0100","slot":0,"seq":3772,"echo":1773940017183}