{"x":1101.5046964461994,"y":276.8134039870269,"vx":-3.9127774472963512,"vy":0.33497416801679153,"goals":{"home":0,"away":0},"ball":{"x":1016.0039796166475,"y":334.5569746413601,"vx":-1.5422345593577604,"vy":1.6291184389653965},"t":1773939994666,"pid":"80937efb-6ada-448d-b176-ece4730f0100","slot":0,"seq":2951,"echo":1773939994666}