{"x":773.1118432560796,"y":447.46632043421215,"vx":0.21829366267859976,"vy":-0.06091869381000173,"goals":{"home":0,"away":0},"ball":{"x":838.5635932742681,"y":462.5668751084501,"vx":1.4380822356457696,"vy":0.04206801730632928},"t":1773939969779,"pid":"80937efb-6ada-448d-b176-ece4730f0100","slot":0,"seq":1458,"echo":1773939969779}