{"x":1143.402360855931,"y":302.6237213396147,"vx":-0.1885562160435466,"vy":0.20623862081286573,"goals":{"home":0,"away":0},"ball":{"x":1170.740145886181,"y":330.81205468998047,"vx":0.2773106892759868,"vy":0.3589726665229241},"t":1773940093674,"pid":"80937efb-6ada-448d-b176-ece4730f0100","slot":0,"seq":8272,"echo":1773940093674}