{"x":441.8227601681564,"y":370.94540771423254,"vx":1.0440273168535398e-24,"vy":-9.439656036352754e-25,"goals":{"home":1,"away":0},"ball":{"x":592.5,"y":392.5,"vx":0,"vy":0},"t":1773940177663,"pid":"80937efb-6ada-448d-b176-ece4730f0100","slot":0,"seq":13101,"echo":1773940177663}