{"x":1017.630618892472,"y":345.7845228438214,"vx":-1.8675439067192827,"vy":6.771080866778418,"goals":{"home":0,"away":0},"ball":{"x":1067.2852882264121,"y":435.1249739466453,"vx":-1.2167743847311951,"vy":1.7202567044615054},"t":1773940050471,"pid":"80937efb-6ada-448d-b176-ece4730f0100","slot":0,"seq":5769,"echo":1773940050471}