{"x":326.6215798623047,"y":400,"vx":4.8488642177734365,"vy":0,"goals":{"home":0,"away":0},"ball":{"x":600,"y":400,"vx":0,"vy":0},"t":1773939947428,"pid":"80937efb-6ada-448d-b176-ece4730f0100","slot":0,"seq":117,"echo":1773939947428}