{"x":610.7406434472495,"y":375.80362718884993,"vx":2.884908893935945e-16,"vy":1.1359265669340698e-16,"goals":{"home":1,"away":0},"ball":{"x":1021.1146923514596,"y":255.5493644442223,"vx":0.0005106777972907448,"vy":0.0015301405188355205},"t":1773940350627,"pid":"80937efb-6ada-448d-b176-ece4730f0100","slot":0,"seq":17716,"echo":1773940350627}