{"x":364.1399141198096,"y":407.9012519983345,"vx":13.227917731496891,"vy":7.586514033911634,"goals":{"home":1,"away":0},"t":1773940337415,"pid":"cdcfe6ff-0bdb-489d-aa0a-9fa6e188527e","slot":1,"seq":2340,"echo":1773940337415}