{"x":1008.5361277814118,"y":460.76407756610854,"vx":1.6348349638544193,"vy":0.05616299087073759,"goals":{"home":0,"away":0},"ball":{"x":1042.5572767061099,"y":428.17484895324225,"vx":2.910349245011629,"vy":-1.2077463793108418},"t":1773939987777,"pid":"80937efb-6ada-448d-b176-ece4730f0100","slot":0,"seq":2538,"echo":1773939987777}