{"x":751.2418857853501,"y":362.15976253910804,"vx":0.19722426920200925,"vy":0.3059289531805095,"goals":{"home":0,"away":0},"ball":{"x":785.330922040419,"y":336.30972153226605,"vx":0.020822628268102335,"vy":0.039309484395082424},"t":1773940078376,"pid":"80937efb-6ada-448d-b176-ece4730f0100","slot":0,"seq":7354,"echo":1773940078376}