{"x":809.0845827168685,"y":362.32584966333826,"vx":1.998776308677259,"vy":0.08798953986963769,"goals":{"home":0,"away":0},"ball":{"x":835.681496304147,"y":390.06041351807943,"vx":-0.43344265987861125,"vy":0.42514370940753915},"t":1773940056331,"pid":"80937efb-6ada-448d-b176-ece4730f0100","slot":0,"seq":6121,"echo":1773940056331}