{"x":705.7824710469287,"y":446.2650358056598,"vx":0.013213127377669099,"vy":1.0596779379648393,"goals":{"home":0,"away":0},"ball":{"x":761.9402682614693,"y":469.77598974685975,"vx":-0.010913045488927381,"vy":-0.009591340973606123},"t":1773940113608,"pid":"80937efb-6ada-448d-b176-ece4730f0100","slot":0,"seq":9468,"echo":1773940113608}