{"x":441.8227601681564,"y":370.94540771423254,"vx":1.869203382097701e-103,"vy":-1.690055107194566e-103,"goals":{"home":1,"away":0},"ball":{"x":579.5202498848814,"y":364.2145547426058,"vx":0,"vy":0},"t":1773940332622,"pid":"80937efb-6ada-448d-b176-ece4730f0100","slot":0,"seq":16636,"echo":1773940332622}