{"x":787.3115374190414,"y":317.62627995241957,"vx":3.958683322881615,"vy":-0.08032918418371121,"goals":{"home":0,"away":0},"ball":{"x":845.7656578132562,"y":361.9212397738002,"vx":1.7689141397269932,"vy":0.7003262283367888},"t":1773940080175,"pid":"80937efb-6ada-448d-b176-ece4730f0100","slot":0,"seq":7462,"echo":1773940080175}