{"x":865.5768047778,"y":387.99136113358475,"vx":-2.0686401283728e-11,"vy":3.146940854392623e-11,"goals":{"home":1,"away":0},"t":1773940361868,"pid":"cdcfe6ff-0bdb-489d-aa0a-9fa6e188527e","slot":1,"seq":3807,"echo":1773940361868}