{"x":967.8475901717169,"y":229.09203867034947,"vx":-5.311119788448,"vy":-0.2680568701166881,"goals":{"home":1,"away":0},"t":1773940348816,"pid":"cdcfe6ff-0bdb-489d-aa0a-9fa6e188527e","slot":1,"seq":3024,"echo":1773940348816}