{"x":738.5267309763813,"y":353.08807438256656,"vx":-2.2686840641356265,"vy":-0.027735594446748054,"goals":{"home":1,"away":0},"t":1773940324816,"pid":"cdcfe6ff-0bdb-489d-aa0a-9fa6e188527e","slot":1,"seq":1584,"echo":1773940324816}