{"x":1143.891112542845,"y":431.2146198218233,"vx":-0.4916857263860128,"vy":0.12493749419479938,"goals":{"home":0,"away":0},"ball":{"x":1113.4560001807858,"y":537.1201709171731,"vx":-2.6492090157941237,"vy":1.7491646226171058},"t":1773940124725,"pid":"80937efb-6ada-448d-b176-ece4730f0100","slot":0,"seq":10135,"echo":1773940124725}