{"x":1070.9989003724663,"y":306.52686391782595,"vx":-0.1278477695454837,"vy":0.0008100640648959977,"goals":{"home":0,"away":0},"ball":{"x":1170.276414301654,"y":289.8279536807248,"vx":0.04883281385350115,"vy":-0.033886651282502026},"t":1773940095479,"pid":"80937efb-6ada-448d-b176-ece4730f0100","slot":0,"seq":8380,"echo":1773940095479}