{"x":512.5197809759213,"y":370.94540771423254,"vx":7.5291041680123705,"vy":-1.0356774094352348e-108,"goals":{"home":1,"away":0},"ball":{"x":583.1460418821598,"y":355.83346776356734,"vx":0,"vy":0},"t":1773940336525,"pid":"80937efb-6ada-448d-b176-ece4730f0100","slot":0,"seq":16870,"echo":1773940336525}