{"x":1145.6400127194172,"y":545.2163889512399,"vx":-0.04075654360196883,"vy":-1.4280921223937628,"goals":{"home":0,"away":0},"ball":{"x":1173.453758450959,"y":506.68437714485236,"vx":-0.3074453465956813,"vy":-1.259603595747735},"t":1773940103873,"pid":"80937efb-6ada-448d-b176-ece4730f0100","slot":0,"seq":8884,"echo":1773940103873}