{"x":1039.5210986463999,"y":461.8285328012212,"vx":0.004047023591896979,"vy":0.00013903112795525562,"goals":{"home":0,"away":0},"ball":{"x":1165.699819159939,"y":283.81333826213995,"vx":-0.6825017093746749,"vy":-0.4584944794309018},"t":1773939989728,"pid":"80937efb-6ada-448d-b176-ece4730f0100","slot":0,"seq":2655,"echo":1773939989728}