{"x":731.3891919245294,"y":415.7891206909801,"vx":-0.9441438357363077,"vy":0.0770012151498162,"goals":{"home":0,"away":0},"ball":{"x":900.7047394370724,"y":262.7549100135082,"vx":4.886043326958465,"vy":-2.230046181984586},"t":1773939949379,"pid":"80937efb-6ada-448d-b176-ece4730f0100","slot":0,"seq":234,"echo":1773939949379}