{"x":1112.1197123583534,"y":568.1391538288747,"vx":0.05471915618094289,"vy":0.568372239938882,"goals":{"home":0,"away":0},"ball":{"x":1144.695617451841,"y":530.6452942951122,"vx":-0.4707954837071657,"vy":0.2616035408906311},"t":1773940137473,"pid":"80937efb-6ada-448d-b176-ece4730f0100","slot":0,"seq":10900,"echo":1773940137473}