{"x":845.6533842894105,"y":523.9501777596054,"vx":-0.005072696234760164,"vy":-5.00407083422907,"goals":{"home":0,"away":0},"ball":{"x":880.5924870828404,"y":455.4268754086032,"vx":0.5385511874742744,"vy":-2.372580016059026},"t":1773940130878,"pid":"80937efb-6ada-448d-b176-ece4730f0100","slot":0,"seq":10504,"echo":1773940130878}