{"x":1067.1637149910957,"y":19.038097672666773,"vx":0.42998430123612413,"vy":1.975017928512009,"goals":{"home":1,"away":0},"t":1773940352721,"pid":"cdcfe6ff-0bdb-489d-aa0a-9fa6e188527e","slot":1,"seq":3258,"echo":1773940352721}