{"x":643.4065710148082,"y":545.6141990766222,"vx":-0.1049498337705333,"vy":0.770787397550819,"goals":{"home":0,"away":0},"ball":{"x":844.0274116216557,"y":715.4120801771846,"vx":2.780149558438523,"vy":4.922416679849399},"t":1773940027071,"pid":"80937efb-6ada-448d-b176-ece4730f0100","slot":0,"seq":4365,"echo":1773940027071}