{"x":1073.6540829728308,"y":645.1023111737318,"vx":-0.6738155542259184,"vy":-0.1507006669667786,"goals":{"home":0,"away":0},"ball":{"x":1175.2639523295277,"y":518.5369751207236,"vx":0.38403052948679384,"vy":-2.206436105987317},"t":1773940089780,"pid":"80937efb-6ada-448d-b176-ece4730f0100","slot":0,"seq":8038,"echo":1773940089780}