{"x":934.240689587893,"y":190.35585314546347,"vx":-1.3369828293684671,"vy":-15.06356908572242,"goals":{"home":0,"away":0},"ball":{"x":901.4616964405018,"y":207.7022046353338,"vx":-3.538653856433461,"vy":-0.9068675224280937},"t":1773940069232,"pid":"80937efb-6ada-448d-b176-ece4730f0100","slot":0,"seq":6895,"echo":1773940069232}