{"x":753.8200747277725,"y":469.43003038927174,"vx":-0.002452041848784552,"vy":3.559219061315201,"goals":{"home":0,"away":0},"ball":{"x":795.5374542410374,"y":468.05767096733365,"vx":-0.4006083642400267,"vy":0.13229173331018132},"t":1773940108373,"pid":"80937efb-6ada-448d-b176-ece4730f0100","slot":0,"seq":9154,"echo":1773940108373}