{"x":1104.9104010275378,"y":451.14421767566705,"vx":-0.00017800876004410565,"vy":1.7296234662992356,"goals":{"home":0,"away":0},"ball":{"x":1159.4927870135018,"y":412.18961529246235,"vx":-0.07051369543240966,"vy":0.3733576354955582},"t":1773940145577,"pid":"80937efb-6ada-448d-b176-ece4730f0100","slot":0,"seq":11386,"echo":1773940145577}