{"x":834.8410226057433,"y":445.260018218096,"vx":2.622152754832966,"vy":0.21936289269735487,"goals":{"home":0,"away":0},"ball":{"x":892.9930860660232,"y":464.4978540367652,"vx":-0.299700281068618,"vy":0.3165843036582718},"t":1773939997380,"pid":"80937efb-6ada-448d-b176-ece4730f0100","slot":0,"seq":3114,"echo":1773939997380}