{"x":779.0859356508673,"y":468.48906690014087,"vx":0.09010499749055231,"vy":0.008154489572709676,"goals":{"home":0,"away":0},"ball":{"x":963.1772629418331,"y":446.7374498357022,"vx":2.20683083341352,"vy":-0.2484540649926854},"t":1773940115427,"pid":"80937efb-6ada-448d-b176-ece4730f0100","slot":0,"seq":9577,"echo":1773940115427}