{"x":817.0237242768444,"y":647.1436642878289,"vx":2.868449184116952,"vy":1.3374220404668957,"goals":{"home":1,"away":0},"t":1773940343711,"pid":"cdcfe6ff-0bdb-489d-aa0a-9fa6e188527e","slot":1,"seq":2718,"echo":1773940343711}