{"x":819.0000054261264,"y":187.73116520199213,"vx":-0.08966797579327616,"vy":-0.8170665248484639,"goals":{"home":1,"away":0},"t":1773940345210,"pid":"cdcfe6ff-0bdb-489d-aa0a-9fa6e188527e","slot":1,"seq":2807,"echo":1773940345210}