{"x":1119.7024453900874,"y":106.60325740551966,"vx":-5.675829471701337,"vy":-10.089186781718148,"goals":{"home":1,"away":0},"t":1773940350464,"pid":"cdcfe6ff-0bdb-489d-aa0a-9fa6e188527e","slot":1,"seq":3123,"echo":1773940350464}