{"x":1163.3430363470186,"y":412.26695713700377,"vx":-0.018847203868577606,"vy":-0.015967846439178368,"goals":{"home":1,"away":0},"ball":{"x":592.5,"y":392.5,"vx":0,"vy":0},"t":1773940150819,"pid":"80937efb-6ada-448d-b176-ece4730f0100","slot":0,"seq":11490,"echo":1773940150819}