{"x":1084.7465409215822,"y":402.6503230494348,"vx":2.373059436893125,"vy":11.311474254760482,"goals":{"home":0,"away":0},"ball":{"x":1183.655007517517,"y":424.1781526898063,"vx":0.1274269940586982,"vy":1.664241557936893},"t":1773940098027,"pid":"80937efb-6ada-448d-b176-ece4730f0100","slot":0,"seq":8533,"echo":1773940098027}