{"x":621.3785231230448,"y":421.8470481465766,"vx":1.0244365359705827,"vy":-0.7283709959016428,"goals":{"home":1,"away":0},"t":1773940327664,"pid":"cdcfe6ff-0bdb-489d-aa0a-9fa6e188527e","slot":1,"seq":1755,"echo":1773940327664}