{"x":1163.3610797235904,"y":129.09466103733652,"vx":-0.5196306447143614,"vy":0.24345597738254823,"goals":{"home":0,"away":0},"ball":{"x":1175.9048404250063,"y":161.85123758483246,"vx":0.21393071623156953,"vy":0.6800567522398384},"t":1773940037417,"pid":"80937efb-6ada-448d-b176-ece4730f0100","slot":0,"seq":4986,"echo":1773940037417}