{"x":402.70467219240487,"y":341.6167874410562,"vx":0.014750909532190217,"vy":-10.047537862441933,"goals":{"home":1,"away":0},"ball":{"x":592.5,"y":392.5,"vx":0,"vy":0},"t":1773940155763,"pid":"80937efb-6ada-448d-b176-ece4730f0100","slot":0,"seq":11787,"echo":1773940155763}