{"x":871.1700637582342,"y":358.51350361886557,"vx":-1.3520541220064246,"vy":-16.669694908261356,"goals":{"home":0,"away":0},"ball":{"x":965.1554175817388,"y":329.5041363784493,"vx":-0.40895594290708664,"vy":-3.432739639078338},"t":1773939975633,"pid":"80937efb-6ada-448d-b176-ece4730f0100","slot":0,"seq":1809,"echo":1773939975633}