{"x":440.92624243514723,"y":371.7560013542151,"vx":0.04718514384262264,"vy":-0.04266282315701801,"goals":{"home":1,"away":0},"ball":{"x":592.5,"y":392.5,"vx":0,"vy":0},"t":1773940160713,"pid":"80937efb-6ada-448d-b176-ece4730f0100","slot":0,"seq":12084,"echo":1773940160713}