{"x":1113.5670843484108,"y":209.50300040838985,"vx":-4.428534726950047,"vy":0.3180096525003763,"goals":{"home":0,"away":0},"ball":{"x":1150.783127670703,"y":298.852720444615,"vx":-0.6393495550449835,"vy":2.067809641451743},"t":1773940038333,"pid":"80937efb-6ada-448d-b176-ece4730f0100","slot":0,"seq":5041,"echo":1773940038333}