{"x":865.5768452002964,"y":387.99129964043124,"vx":-0.000002127520507803161,"vy":0.0000032365132594765803,"goals":{"home":1,"away":0},"t":1773940358118,"pid":"cdcfe6ff-0bdb-489d-aa0a-9fa6e188527e","slot":1,"seq":3582,"echo":1773940358118}