{"x":610.5922031845155,"y":375.7451791600756,"vx":0.007812645407168287,"vy":0.003076212040765735,"goals":{"home":1,"away":0},"ball":{"x":885.5696511634939,"y":286.14216078309295,"vx":1.3830705705204474,"vy":-0.31871848872795533},"t":1773940340573,"pid":"80937efb-6ada-448d-b176-ece4730f0100","slot":0,"seq":17113,"echo":1773940340573}