{"x":1034.9758415653546,"y":380.0632782226467,"vx":-0.29215352784184606,"vy":15.091152925434223,"goals":{"home":0,"away":0},"ball":{"x":1124.6443705486,"y":383.391723508201,"vx":-0.3753217053267698,"vy":1.2138803175771349},"t":1773940039215,"pid":"80937efb-6ada-448d-b176-ece4730f0100","slot":0,"seq":5094,"echo":1773940039215}