{"x":924.2492088308552,"y":428.0192255614654,"vx":3.6999327248596305,"vy":2.1381461389766763,"goals":{"home":0,"away":0},"ball":{"x":1138.7684810669107,"y":426.96867043510264,"vx":0.43318216548343474,"vy":-0.048769424582589344},"t":1773940118129,"pid":"80937efb-6ada-448d-b176-ece4730f0100","slot":0,"seq":9739,"echo":1773940118129}