{"x":868.5795077886896,"y":358.238321798601,"vx":-2.592588311899187,"vy":0.052065141537794055,"goals":{"home":0,"away":0},"ball":{"x":942.838299428028,"y":408.0319994070882,"vx":0.3233268616092156,"vy":0.5804989100169724},"t":1773939984027,"pid":"80937efb-6ada-448d-b176-ece4730f0100","slot":0,"seq":2313,"echo":1773939984027}