{"x":1008.2704689372151,"y":106.72871111707532,"vx":-0.2983706501997335,"vy":-11.156661438855181,"goals":{"home":0,"away":0},"ball":{"x":1102.7567999597447,"y":85.31651299593354,"vx":-0.7672710737846216,"vy":-0.43773914140302095},"t":1773939952080,"pid":"80937efb-6ada-448d-b176-ece4730f0100","slot":0,"seq":396,"echo":1773939952080}