{"x":716.079154926968,"y":450.43192966974453,"vx":-0.0005599785020514647,"vy":3.563027851971898,"goals":{"home":0,"away":0},"ball":{"x":802.6453073774683,"y":470.63448859857624,"vx":-0.3025611110786769,"vy":-0.1587397142167686},"t":1773939967662,"pid":"80937efb-6ada-448d-b176-ece4730f0100","slot":0,"seq":1331,"echo":1773939967662}