{"x":398.006120746971,"y":465.42358914990183,"vx":-0.9879569091291848,"vy":-4.063685320802236,"goals":{"home":1,"away":0},"ball":{"x":592.5,"y":392.5,"vx":0,"vy":0},"t":1773940153964,"pid":"80937efb-6ada-448d-b176-ece4730f0100","slot":0,"seq":11679,"echo":1773940153964}