{"x":441.8227601681564,"y":370.94540771423254,"vx":1.5142417718361989e-40,"vy":-1.369113743602966e-40,"goals":{"home":1,"away":0},"ball":{"x":592.5,"y":392.5,"vx":0,"vy":0},"t":1773940189516,"pid":"80937efb-6ada-448d-b176-ece4730f0100","slot":0,"seq":13812,"echo":1773940189516}