{"x":901.586584250494,"y":588.523575688007,"vx":0.14651053073681078,"vy":0.0010795580178030596,"goals":{"home":0,"away":0},"ball":{"x":940.0591165023504,"y":554.2315376606812,"vx":0.07363542805955803,"vy":0.12079160868584167},"t":1773940009968,"pid":"80937efb-6ada-448d-b176-ece4730f0100","slot":0,"seq":3339,"echo":1773940009968}