{"x":875.6658818475081,"y":631.972158156039,"vx":-2.6204769789859266,"vy":0.9920545824823358,"goals":{"home":0,"away":0},"ball":{"x":882.8343973097682,"y":574.408466776342,"vx":-0.33601079481013335,"vy":-0.31905970226664343},"t":1773940128176,"pid":"80937efb-6ada-448d-b176-ece4730f0100","slot":0,"seq":10342,"echo":1773940128176}