{"x":896.4074158071646,"y":560.222906123053,"vx":0.32921622978965076,"vy":0.0019080793176031049,"goals":{"home":0,"away":0},"ball":{"x":1034.3400403015055,"y":573.3423175169179,"vx":0.8577997737935735,"vy":-1.2150275589818473},"t":1773940029016,"pid":"80937efb-6ada-448d-b176-ece4730f0100","slot":0,"seq":4482,"echo":1773940029016}