{"x":1098.3984131977757,"y":444.8912286146615,"vx":-0.8895803719458248,"vy":0.0001459782821496835,"goals":{"home":0,"away":0},"ball":{"x":1179.2808210418214,"y":422.40762506781294,"vx":0.023966610181323893,"vy":-0.00269825925643537},"t":1773940122927,"pid":"80937efb-6ada-448d-b176-ece4730f0100","slot":0,"seq":10027,"echo":1773940122927}