{"x":610.7406434329788,"y":375.80362718323084,"vx":7.511622936967267e-10,"vy":2.957685101539254e-10,"goals":{"home":1,"away":0},"ball":{"x":1016.7184535444133,"y":255.91987929994428,"vx":0.05833519293539175,"vy":-0.01344291819109812},"t":1773940345822,"pid":"80937efb-6ada-448d-b176-ece4730f0100","slot":0,"seq":17428,"echo":1773940345822}