{"x":441.8227601465779,"y":370.9454077337431,"vx":1.1357383537557943e-9,"vy":-1.0268868671998748e-9,"goals":{"home":1,"away":0},"ball":{"x":592.5,"y":392.5,"vx":0,"vy":0},"t":1773940166414,"pid":"80937efb-6ada-448d-b176-ece4730f0100","slot":0,"seq":12426,"echo":1773940166414}