{"x":865.5768051771228,"y":387.9913605261102,"vx":-2.103769870843645e-8,"vy":3.200382349735146e-8,"goals":{"home":1,"away":0},"t":1773940359617,"pid":"cdcfe6ff-0bdb-489d-aa0a-9fa6e188527e","slot":1,"seq":3672,"echo":1773940359617}