{"x":730.7234409847729,"y":272.66736586309156,"vx":0.02714241660082122,"vy":0.01605509402346349,"goals":{"home":0,"away":0},"ball":{"x":767.4113833207764,"y":302.48076302629715,"vx":0.2018280698806496,"vy":0.3810161359705258},"t":1773940073120,"pid":"80937efb-6ada-448d-b176-ece4730f0100","slot":0,"seq":7128,"echo":1773940073120}