{"x":879.2447796081954,"y":382.11590169432924,"vx":-3.4648870874013658,"vy":1.0427374465798285,"goals":{"home":0,"away":0},"ball":{"x":919.2090231690963,"y":436.8050064927709,"vx":-0.5645077265542079,"vy":0.5963100364258925},"t":1773939996332,"pid":"80937efb-6ada-448d-b176-ece4730f0100","slot":0,"seq":3051,"echo":1773939996332}