{"x":781.2181607453628,"y":576.0596900243391,"vx":-3.428928705785974,"vy":-3.048959535112039,"goals":{"home":0,"away":0},"ball":{"x":938.0649913463429,"y":541.6828855849111,"vx":-1.670436706723883,"vy":-0.8764002898363126},"t":1773939964828,"pid":"80937efb-6ada-448d-b176-ece4730f0100","slot":0,"seq":1161,"echo":1773939964828}