{"x":600.5031001759704,"y":472.58654537723527,"vx":-17.191099893507673,"vy":2.181583332799381,"goals":{"home":1,"away":0},"t":1773940320612,"pid":"cdcfe6ff-0bdb-489d-aa0a-9fa6e188527e","slot":1,"seq":1332,"echo":1773940320612}