{"x":911.150799453468,"y":588.5432771006384,"vx":3.393130783211855,"vy":0.00004264156352265102,"goals":{"home":0,"away":0},"ball":{"x":943.4787716456926,"y":559.8411423957958,"vx":0.03909345691469184,"vy":0.06412893459377832},"t":1773940011017,"pid":"80937efb-6ada-448d-b176-ece4730f0100","slot":0,"seq":3402,"echo":1773940011017}