{"x":441.8227601681564,"y":370.94540771423254,"vx":6.9598828523798254e-15,"vy":-6.292833445946295e-15,"goals":{"home":1,"away":0},"ball":{"x":592.5,"y":392.5,"vx":0,"vy":0},"t":1773940170316,"pid":"80937efb-6ada-448d-b176-ece4730f0100","slot":0,"seq":12660,"echo":1773940170316}