{"x":988.4105666699783,"y":623.2799786373688,"vx":0.008668659520987878,"vy":1.546815024397905,"goals":{"home":0,"away":0},"ball":{"x":1052.7892228654325,"y":574.1856006969731,"vx":-1.4188470049239759,"vy":0.46887813488341823},"t":1773939973827,"pid":"80937efb-6ada-448d-b176-ece4730f0100","slot":0,"seq":1701,"echo":1773939973827}