{"x":873.054100960461,"y":328.20922055545395,"vx":-6.277927106727167,"vy":3.4918932630950863,"goals":{"home":0,"away":0},"ball":{"x":940.4511877814587,"y":420.2032308163388,"vx":-1.864383450506907,"vy":0.6156699166535585},"t":1773940105825,"pid":"80937efb-6ada-448d-b176-ece4730f0100","slot":0,"seq":9001,"echo":1773940105825}