{"x":1129.5908628383115,"y":631.8040537954729,"vx":-0.3749940500039305,"vy":-3.4919480667253273,"goals":{"home":0,"away":0},"ball":{"x":1166.688596427284,"y":649.2444418279825,"vx":-0.2285325053294165,"vy":0.2918001369607084},"t":1773940086174,"pid":"80937efb-6ada-448d-b176-ece4730f0100","slot":0,"seq":7822,"echo":1773940086174}