{"x":944.7924285876588,"y":588.0541775968037,"vx":-0.008716281099137536,"vy":-4.196472756505286,"goals":{"home":0,"away":0},"ball":{"x":912.2265548055411,"y":602.317846964185,"vx":-0.6329012745654122,"vy":-0.6009726334569825},"t":1773940127129,"pid":"80937efb-6ada-448d-b176-ece4730f0100","slot":0,"seq":10279,"echo":1773940127129}