{"x":604.1950491230349,"y":371.3164876147314,"vx":-1.3144438404849537,"vy":2.575048182402271,"goals":{"home":1,"away":0},"t":1773940312068,"pid":"cdcfe6ff-0bdb-489d-aa0a-9fa6e188527e","slot":1,"seq":819,"echo":1773940312068}