{"x":942.5631600078118,"y":316.1805395935512,"vx":-5.026411969793455,"vy":3.766690069858436,"goals":{"home":0,"away":0},"ball":{"x":933.2504744735155,"y":294.3595489247198,"vx":-1.4189878939126395,"vy":1.391819109340465},"t":1773940054366,"pid":"80937efb-6ada-448d-b176-ece4730f0100","slot":0,"seq":6003,"echo":1773940054366}