{"x":931.5031051915469,"y":407.82138360147803,"vx":-1.6232204147243752,"vy":2.9462326146092743,"goals":{"home":1,"away":0},"t":1773940318662,"pid":"cdcfe6ff-0bdb-489d-aa0a-9fa6e188527e","slot":1,"seq":1215,"echo":1773940318662}