{"x":796.3221771992995,"y":324.4330762967291,"vx":-0.22346748729052493,"vy":-0.10059924154264979,"goals":{"home":0,"away":0},"ball":{"x":962.7600340602745,"y":332.27242838297894,"vx":-0.138947820094377,"vy":-0.2469554339792816},"t":1773940067420,"pid":"80937efb-6ada-448d-b176-ece4730f0100","slot":0,"seq":6786,"echo":1773940067420}