{"x":610.7406434472495,"y":375.80362718884993,"vx":4.603174269818013e-15,"vy":1.8124898003901107e-15,"goals":{"home":1,"away":0},"ball":{"x":1021.0782569832425,"y":255.44019339052932,"vx":0.0008787118196870893,"vy":0.0026328784349271637},"t":1773940349724,"pid":"80937efb-6ada-448d-b176-ece4730f0100","slot":0,"seq":17662,"echo":1773940349724}