{"x":780.6906361760209,"y":468.6342920714865,"vx":0.005647075114078774,"vy":0.0005110595018760421,"goals":{"home":0,"away":0},"ball":{"x":1054.6824552097703,"y":436.4354200458881,"vx":1.282535962020215,"vy":-0.14439315802486666},"t":1773940116323,"pid":"80937efb-6ada-448d-b176-ece4730f0100","slot":0,"seq":9631,"echo":1773940116323}