{"x":767.6104199657914,"y":278.533346179023,"vx":-6.374505388406823,"vy":-4.4081487770160015,"goals":{"home":1,"away":0},"t":1773940317172,"pid":"cdcfe6ff-0bdb-489d-aa0a-9fa6e188527e","slot":1,"seq":1125,"echo":1773940317172}