{"x":731.2359329507768,"y":272.97051155647154,"vx":0.0001691552322059375,"vy":0.00010005752979065818,"goals":{"home":0,"away":0},"ball":{"x":780.0048021436536,"y":326.25493765616227,"vx":0.07462181914451627,"vy":0.1408729578910814},"t":1773940074766,"pid":"80937efb-6ada-448d-b176-ece4730f0100","slot":0,"seq":7227,"echo":1773940074766}