{"x":441.8227601681564,"y":370.94540771423254,"vx":2.4988898260123543e-33,"vy":-2.2593911145341344e-33,"goals":{"home":1,"away":0},"ball":{"x":592.5,"y":392.5,"vx":0,"vy":0},"t":1773940184113,"pid":"80937efb-6ada-448d-b176-ece4730f0100","slot":0,"seq":13488,"echo":1773940184113}