{"x":1026.9736283846644,"y":161.29735359280787,"vx":1.15221077408079,"vy":0.5631586456863904,"goals":{"home":0,"away":0},"ball":{"x":1060.4024309779638,"y":212.32438811844654,"vx":-0.0796646343475666,"vy":0.5452737253045972},"t":1773939954760,"pid":"80937efb-6ada-448d-b176-ece4730f0100","slot":0,"seq":557,"echo":1773939954760}