{"x":662.8971120264277,"y":306.0551536418024,"vx":-0.026253937547661733,"vy":4.846432237198108,"goals":{"home":0,"away":0},"ball":{"x":681.6512242645059,"y":392.185692383983,"vx":0.01692458975623931,"vy":2.3377175904004543},"t":1773940026016,"pid":"80937efb-6ada-448d-b176-ece4730f0100","slot":0,"seq":4302,"echo":1773940026016}