{"x":898.8336073026404,"y":340.42827610095515,"vx":0.940781230274855,"vy":1.1995087739315569,"goals":{"home":0,"away":0},"ball":{"x":925.5644294997554,"y":376.29982524052355,"vx":-0.004323387885366427,"vy":0.06178512775536976},"t":1773939983132,"pid":"80937efb-6ada-448d-b176-ece4730f0100","slot":0,"seq":2259,"echo":1773939983132}