{"x":1150.864885003212,"y":576.4027981782413,"vx":0.26593306571912656,"vy":-1.9958611858272393,"goals":{"home":0,"away":0},"ball":{"x":1185,"y":575.9196185270919,"vx":-1.7844943558735045,"vy":-1.255662956837167},"t":1773940103124,"pid":"80937efb-6ada-448d-b176-ece4730f0100","slot":0,"seq":8839,"echo":1773940103124}