{"x":859.8237929854436,"y":353.01984953284494,"vx":-3.565657791824421,"vy":-1.6051662539698022,"goals":{"home":0,"away":0},"ball":{"x":972.6735549044927,"y":349.89197679103336,"vx":-0.2390843942783985,"vy":-0.4249306704242777},"t":1773940066517,"pid":"80937efb-6ada-448d-b176-ece4730f0100","slot":0,"seq":6732,"echo":1773940066517}