{"x":610.7347801913742,"y":375.801318544673,"vx":0.00030859241459544126,"vy":0.00012150758827432082,"goals":{"home":1,"away":0},"ball":{"x":949.7999342584658,"y":271.34076221751246,"vx":0.7342798321873965,"vy":-0.16920941230794834},"t":1773940341621,"pid":"80937efb-6ada-448d-b176-ece4730f0100","slot":0,"seq":17176,"echo":1773940341621}