{"x":441.8227601681564,"y":370.94540771423254,"vx":5.792004052139532e-66,"vy":-5.236886538384392e-66,"goals":{"home":1,"away":0},"ball":{"x":592.5,"y":392.5,"vx":0,"vy":0},"t":1773940304577,"pid":"80937efb-6ada-448d-b176-ece4730f0100","slot":0,"seq":14953,"echo":1773940304577}