{"x":1048.8867191586214,"y":227.18218649933627,"vx":0.00851770593054435,"vy":0.4744568884313746,"goals":{"home":0,"away":0},"ball":{"x":1054.5857385677496,"y":270.1125551124333,"vx":-0.05928074163794338,"vy":1.440497020037292},"t":1773939956580,"pid":"80937efb-6ada-448d-b176-ece4730f0100","slot":0,"seq":666,"echo":1773939956580}