{"x":958.2065684698638,"y":320.7422384575202,"vx":0.195602643151044,"vy":0.9628044616250562,"goals":{"home":1,"away":0},"t":1773940307421,"pid":"cdcfe6ff-0bdb-489d-aa0a-9fa6e188527e","slot":1,"seq":540,"echo":1773940307421}