{"x":1056.8436069789273,"y":634.2618382970423,"vx":0.436689272183077,"vy":0.0324145433004623,"goals":{"home":0,"away":0},"ball":{"x":1072.3259409602915,"y":578.3601283340586,"vx":-0.028895410995452238,"vy":0.021456786748503126},"t":1773940047332,"pid":"80937efb-6ada-448d-b176-ece4730f0100","slot":0,"seq":5581,"echo":1773940047332}