{"x":1056.2615674270544,"y":288.5657795296315,"vx":5.3729697193469,"vy":-0.8807686914199546,"goals":{"home":0,"away":0},"ball":{"x":1137.796857038522,"y":265.0685440488614,"vx":-0.4006536071381414,"vy":-0.2691531237412188},"t":1773939990610,"pid":"80937efb-6ada-448d-b176-ece4730f0100","slot":0,"seq":2708,"echo":1773939990610}