{"x":1049.4358547648908,"y":194.7175900408009,"vx":0.8953926074923146,"vy":2.8735626091651323,"goals":{"home":0,"away":0},"ball":{"x":1011.5896261910801,"y":302.6273303482432,"vx":0.22842897430018996,"vy":-0.9171397957293291},"t":1773940015516,"pid":"80937efb-6ada-448d-b176-ece4730f0100","slot":0,"seq":3672,"echo":1773940015516}