{"x":441.8227598238408,"y":370.9454080255481,"vx":1.812189486553061e-8,"vy":-1.638505539999712e-8,"goals":{"home":1,"away":0},"ball":{"x":592.5,"y":392.5,"vx":0,"vy":0},"t":1773940165518,"pid":"80937efb-6ada-448d-b176-ece4730f0100","slot":0,"seq":12372,"echo":1773940165518}