{"x":643.4666892688895,"y":391.5558758245009,"vx":1.8415157516388405,"vy":-5.882516229533777,"goals":{"home":1,"away":0},"t":1773940311168,"pid":"cdcfe6ff-0bdb-489d-aa0a-9fa6e188527e","slot":1,"seq":765,"echo":1773940311168}