{"x":253.59500635477758,"y":407.94954306758905,"vx":-1.3866195510412611,"vy":1.3343838717149246,"goals":{"home":1,"away":0},"t":1773940321212,"pid":"cdcfe6ff-0bdb-489d-aa0a-9fa6e188527e","slot":1,"seq":1368,"echo":1773940321212}