{"x":889.6751074562397,"y":341.6566461471154,"vx":0.512329940502733,"vy":-0.011495776810624659,"goals":{"home":0,"away":0},"ball":{"x":997.5711228507736,"y":424.603799351396,"vx":2.9980631488986607,"vy":1.3327297524433208},"t":1773940134779,"pid":"80937efb-6ada-448d-b176-ece4730f0100","slot":0,"seq":10738,"echo":1773940134779}