{"x":679.9647368502884,"y":364.3340334385516,"vx":-6.710552915859501,"vy":3.846996294682328,"goals":{"home":1,"away":0},"t":1773940325566,"pid":"cdcfe6ff-0bdb-489d-aa0a-9fa6e188527e","slot":1,"seq":1629,"echo":1773940325566}