{"x":799.212250132026,"y":408.7645574519297,"vx":0.47725730875352146,"vy":-0.09575598130220091,"goals":{"home":0,"away":0},"ball":{"x":874.5137527866001,"y":453.57071173537287,"vx":2.33044394105353,"vy":0.739514626979607},"t":1773940060983,"pid":"80937efb-6ada-448d-b176-ece4730f0100","slot":0,"seq":6400,"echo":1773940060983}