{"x":1037.6512778629683,"y":461.7642971261156,"vx":0.10245864377251847,"vy":0.0035198561335250027,"goals":{"home":0,"away":0},"ball":{"x":1163.233525741341,"y":378.0962190118619,"vx":1.6913972345547559,"vy":-0.7019016324282122},"t":1773939988680,"pid":"80937efb-6ada-448d-b176-ece4730f0100","slot":0,"seq":2592,"echo":1773939988680}