{"x":1070.1349903990254,"y":361.0207122606689,"vx":6.709202048450303,"vy":-6.540947747728423,"goals":{"home":0,"away":0},"ball":{"x":1097.9792600652129,"y":381.74985166029495,"vx":0.3562710612938635,"vy":-2.6883102651915998},"t":1773940048533,"pid":"80937efb-6ada-448d-b176-ece4730f0100","slot":0,"seq":5653,"echo":1773940048533}