{"x":1010.0632631081004,"y":300.5698986751282,"vx":0.003085526329025342,"vy":0.25670979191050847,"goals":{"home":0,"away":0},"ball":{"x":1096.374591129619,"y":370.33595451596136,"vx":1.2273325277886422,"vy":1.573028450391142},"t":1773940018232,"pid":"80937efb-6ada-448d-b176-ece4730f0100","slot":0,"seq":3835,"echo":1773940018232}