{"x":812.5179175544904,"y":337.25310021042736,"vx":-0.4314220223241992,"vy":0.6516414152625748,"goals":{"home":0,"away":0},"ball":{"x":851.4781251424643,"y":353.0059931423131,"vx":-0.4824675517722856,"vy":0.33916706728688323},"t":1773940133877,"pid":"80937efb-6ada-448d-b176-ece4730f0100","slot":0,"seq":10684,"echo":1773940133877}