{"x":1102.7042146142433,"y":483.5150177297727,"vx":0.5502716690288287,"vy":0.022274139891624013,"goals":{"home":0,"away":0},"ball":{"x":1171.3497004955616,"y":515.8346116425837,"vx":-0.7400286457649545,"vy":0.41120639596667397},"t":1773940136723,"pid":"80937efb-6ada-448d-b176-ece4730f0100","slot":0,"seq":10855,"echo":1773940136723}